Datum;Cas od;Cas do;859182400312449370-859182400306241157;859182400312449370-859182400604806744;859182400611509249-859182400302838511
01.06.2025;00:00;00:15;0,0;0,0;0,0;
01.06.2025;00:15;00:30;0,0;0,0;0,0;
01.06.2025;00:30;00:45;0,0;0,0;0,0;
01.06.2025;00:45;01:00;0,0;0,0;0,0;
01.06.2025;01:00;01:15;0,0;0,0;0,0;
01.06.2025;01:15;01:30;0,0;0,0;0,01;
01.06.2025;01:30;01:45;0,0;0,0;0,0;
01.06.2025;01:45;02:00;0,0;0,0;0,0;
01.06.2025;02:00;02:15;0,0;0,0;0,0;
01.06.2025;02:15;02:30;0,0;0,0;0,0;
01.06.2025;02:30;02:45;0,0;0,0;0,01;
01.06.2025;02:45;03:00;0,0;0,0;0,01;
01.06.2025;03:00;03:15;0,0;0,0;0,0;
01.06.2025;03:15;03:30;0,0;0,0;0,0;
01.06.2025;03:30;03:45;0,0;0,0;0,0;
01.06.2025;03:45;04:00;0,0;0,0;0,0;
01.06.2025;04:00;04:15;0,0;0,0;0,0;
01.06.2025;04:15;04:30;0,0;0,0;0,0;
01.06.2025;04:30;04:45;0,0;0,0;0,01;
01.06.2025;04:45;05:00;0,0;0,0;0,0;
01.06.2025;05:00;05:15;0,0;0,0;0,0;
01.06.2025;05:15;05:30;0,0;0,0;0,0;
01.06.2025;05:30;05:45;0,0;0,0;0,0;
01.06.2025;05:45;06:00;0,0;0,0;0,01;
01.06.2025;06:00;06:15;0,0;0,0;0,0;
01.06.2025;06:15;06:30;0,0;0,0;0,0;
01.06.2025;06:30;06:45;0,0;0,0;0,0;
01.06.2025;06:45;07:00;0,0;0,0;0,0;
01.06.2025;07:00;07:15;0,0;0,0;0,0;
01.06.2025;07:15;07:30;0,0;0,0;0,01;
01.06.2025;07:30;07:45;0,0;0,0;0,01;
01.06.2025;07:45;08:00;0,0;0,0;0,0;
01.06.2025;08:00;08:15;0,0;0,0;0,01;
01.06.2025;08:15;08:30;0,0;0,0;0,0;
01.06.2025;08:30;08:45;0,0;0,0;0,0;
01.06.2025;08:45;09:00;0,0;0,01;0,0;
01.06.2025;09:00;09:15;0,0;0,0;0,0;
01.06.2025;09:15;09:30;0,0;0,0;0,0;
01.06.2025;09:30;09:45;0,0;0,01;0,0;
01.06.2025;09:45;10:00;0,0;0,01;0,0;
01.06.2025;10:00;10:15;0,0;0,0;0,0;
01.06.2025;10:15;10:30;0,0;0,0;0,0;
01.06.2025;10:30;10:45;0,0;0,0;0,0;
01.06.2025;10:45;11:00;0,0;0,0;0,01;
01.06.2025;11:00;11:15;0,0;0,0;0,01;
01.06.2025;11:15;11:30;0,0;0,0;0,01;
01.06.2025;11:30;11:45;0,07;0,01;0,0;
01.06.2025;11:45;12:00;0,02;0,0;0,0;
01.06.2025;12:00;12:15;0,0;0,0;0,0;
01.06.2025;12:15;12:30;0,0;0,0;0,01;
01.06.2025;12:30;12:45;0,0;0,0;0,0;
01.06.2025;12:45;13:00;0,0;0,0;0,01;
01.06.2025;13:00;13:15;0,0;0,0;0,0;
01.06.2025;13:15;13:30;0,0;0,0;0,01;
01.06.2025;13:30;13:45;0,02;0,03;0,01;
01.06.2025;13:45;14:00;0,01;0,01;0,0;
01.06.2025;14:00;14:15;0,0;0,14;0,0;
01.06.2025;14:15;14:30;0,01;0,28;0,0;
01.06.2025;14:30;14:45;0,01;0,18;0,0;
01.06.2025;14:45;15:00;0,03;0,52;0,0;
01.06.2025;15:00;15:15;0,02;0,52;0,0;
01.06.2025;15:15;15:30;0,02;0,32;0,0;
01.06.2025;15:30;15:45;0,01;0,36;0,0;
01.06.2025;15:45;16:00;0,02;0,0;0,0;
01.06.2025;16:00;16:15;0,01;0,0;0,0;
01.06.2025;16:15;16:30;0,03;0,0;0,0;
01.06.2025;16:30;16:45;0,03;0,0;0,0;
01.06.2025;16:45;17:00;0,04;0,0;0,0;
01.06.2025;17:00;17:15;0,0;0,0;0,01;
01.06.2025;17:15;17:30;0,0;0,0;0,07;
01.06.2025;17:30;17:45;0,0;0,0;0,16;
01.06.2025;17:45;18:00;0,0;0,0;0,12;
01.06.2025;18:00;18:15;0,0;0,0;0,02;
01.06.2025;18:15;18:30;0,0;0,0;0,02;
01.06.2025;18:30;18:45;0,0;0,0;0,01;
01.06.2025;18:45;19:00;0,0;0,0;0,0;
01.06.2025;19:00;19:15;0,0;0,0;0,0;
01.06.2025;19:15;19:30;0,0;0,0;0,01;
01.06.2025;19:30;19:45;0,0;0,01;0,01;
01.06.2025;19:45;20:00;0,0;0,0;0,01;
01.06.2025;20:00;20:15;0,0;0,0;0,01;
01.06.2025;20:15;20:30;0,0;0,0;0,0;
01.06.2025;20:30;20:45;0,0;0,0;0,0;
01.06.2025;20:45;21:00;0,0;0,0;0,01;
01.06.2025;21:00;21:15;0,0;0,0;0,01;
01.06.2025;21:15;21:30;0,0;0,0;0,01;
01.06.2025;21:30;21:45;0,0;0,0;0,01;
01.06.2025;21:45;22:00;0,0;0,0;0,01;
01.06.2025;22:00;22:15;0,0;0,0;0,0;
01.06.2025;22:15;22:30;0,0;0,0;0,01;
01.06.2025;22:30;22:45;0,0;0,0;0,01;
01.06.2025;22:45;23:00;0,0;0,0;0,01;
01.06.2025;23:00;23:15;0,0;0,0;0,01;
01.06.2025;23:15;23:30;0,0;0,0;0,01;
01.06.2025;23:30;23:45;0,0;0,0;0,0;
01.06.2025;23:45;00:00;0,0;0,0;0,01;
02.06.2025;00:00;00:15;0,0;0,0;0,01;
02.06.2025;00:15;00:30;0,0;0,0;0,01;
02.06.2025;00:30;00:45;0,0;0,0;0,01;
02.06.2025;00:45;01:00;0,0;0,0;0,0;
02.06.2025;01:00;01:15;0,0;0,0;0,01;
02.06.2025;01:15;01:30;0,0;0,0;0,01;
02.06.2025;01:30;01:45;0,0;0,0;0,0;
02.06.2025;01:45;02:00;0,0;0,0;0,01;
02.06.2025;02:00;02:15;0,0;0,0;0,01;
02.06.2025;02:15;02:30;0,0;0,0;0,0;
02.06.2025;02:30;02:45;0,0;0,0;0,0;
02.06.2025;02:45;03:00;0,0;0,0;0,01;
02.06.2025;03:00;03:15;0,0;0,0;0,0;
02.06.2025;03:15;03:30;0,0;0,0;0,01;
02.06.2025;03:30;03:45;0,0;0,0;0,0;
02.06.2025;03:45;04:00;0,0;0,0;0,01;
02.06.2025;04:00;04:15;0,0;0,0;0,0;
02.06.2025;04:15;04:30;0,0;0,0;0,01;
02.06.2025;04:30;04:45;0,0;0,0;0,01;
02.06.2025;04:45;05:00;0,0;0,0;0,01;
02.06.2025;05:00;05:15;0,0;0,0;0,01;
02.06.2025;05:15;05:30;0,0;0,0;0,01;
02.06.2025;05:30;05:45;0,0;0,0;0,0;
02.06.2025;05:45;06:00;0,0;0,0;0,01;
02.06.2025;06:00;06:15;0,0;0,0;0,0;
02.06.2025;06:15;06:30;0,0;0,0;0,0;
02.06.2025;06:30;06:45;0,0;0,0;0,01;
02.06.2025;06:45;07:00;0,0;0,0;0,01;
02.06.2025;07:00;07:15;0,0;0,0;0,01;
02.06.2025;07:15;07:30;0,0;0,0;0,01;
02.06.2025;07:30;07:45;0,0;0,0;0,01;
02.06.2025;07:45;08:00;0,0;0,0;0,01;
02.06.2025;08:00;08:15;0,0;0,0;0,01;
02.06.2025;08:15;08:30;0,0;0,0;0,0;
02.06.2025;08:30;08:45;0,0;0,0;0,0;
02.06.2025;08:45;09:00;0,0;0,0;0,0;
02.06.2025;09:00;09:15;0,0;0,0;0,01;
02.06.2025;09:15;09:30;0,0;0,01;0,01;
02.06.2025;09:30;09:45;0,0;0,01;0,01;
02.06.2025;09:45;10:00;0,0;0,0;0,01;
02.06.2025;10:00;10:15;0,0;0,0;0,0;
02.06.2025;10:15;10:30;0,0;0,0;0,01;
02.06.2025;10:30;10:45;0,0;0,0;0,01;
02.06.2025;10:45;11:00;0,0;0,0;0,01;
02.06.2025;11:00;11:15;0,0;0,0;0,01;
02.06.2025;11:15;11:30;0,0;0,0;0,01;
02.06.2025;11:30;11:45;0,0;0,0;0,01;
02.06.2025;11:45;12:00;0,0;0,0;0,02;
02.06.2025;12:00;12:15;0,0;0,0;0,0;
02.06.2025;12:15;12:30;0,0;0,0;0,0;
02.06.2025;12:30;12:45;0,0;0,0;0,02;
02.06.2025;12:45;13:00;0,0;0,0;0,01;
02.06.2025;13:00;13:15;0,0;0,0;0,01;
02.06.2025;13:15;13:30;0,01;0,0;0,0;
02.06.2025;13:30;13:45;0,03;0,0;0,01;
02.06.2025;13:45;14:00;0,0;0,0;0,0;
02.06.2025;14:00;14:15;0,0;0,0;0,01;
02.06.2025;14:15;14:30;0,0;0,0;0,01;
02.06.2025;14:30;14:45;0,01;0,01;0,0;
02.06.2025;14:45;15:00;0,0;0,01;0,0;
02.06.2025;15:00;15:15;0,02;0,0;0,0;
02.06.2025;15:15;15:30;0,0;0,0;0,01;
02.06.2025;15:30;15:45;0,0;0,0;0,0;
02.06.2025;15:45;16:00;0,0;0,0;0,01;
02.06.2025;16:00;16:15;0,0;0,0;0,0;
02.06.2025;16:15;16:30;0,0;0,0;0,01;
02.06.2025;16:30;16:45;0,02;0,0;0,01;
02.06.2025;16:45;17:00;0,02;0,0;0,0;
02.06.2025;17:00;17:15;0,02;0,0;0,0;
02.06.2025;17:15;17:30;0,02;0,0;0,0;
02.06.2025;17:30;17:45;0,0;0,0;0,0;
02.06.2025;17:45;18:00;0,01;0,0;0,0;
02.06.2025;18:00;18:15;0,0;0,0;0,0;
02.06.2025;18:15;18:30;0,03;0,0;0,0;
02.06.2025;18:30;18:45;0,02;0,0;0,0;
02.06.2025;18:45;19:00;0,0;0,0;0,0;
02.06.2025;19:00;19:15;0,0;0,0;0,02;
02.06.2025;19:15;19:30;0,0;0,0;0,02;
02.06.2025;19:30;19:45;0,0;0,0;0,0;
02.06.2025;19:45;20:00;0,0;0,0;0,01;
02.06.2025;20:00;20:15;0,0;0,0;0,01;
02.06.2025;20:15;20:30;0,0;0,0;0,0;
02.06.2025;20:30;20:45;0,0;0,0;0,01;
02.06.2025;20:45;21:00;0,0;0,0;0,01;
02.06.2025;21:00;21:15;0,0;0,0;0,0;
02.06.2025;21:15;21:30;0,0;0,0;0,01;
02.06.2025;21:30;21:45;0,0;0,0;0,01;
02.06.2025;21:45;22:00;0,0;0,0;0,0;
02.06.2025;22:00;22:15;0,0;0,0;0,01;
02.06.2025;22:15;22:30;0,0;0,0;0,0;
02.06.2025;22:30;22:45;0,0;0,0;0,01;
02.06.2025;22:45;23:00;0,0;0,0;0,01;
02.06.2025;23:00;23:15;0,0;0,0;0,01;
02.06.2025;23:15;23:30;0,0;0,0;0,01;
02.06.2025;23:30;23:45;0,0;0,01;0,01;
02.06.2025;23:45;00:00;0,0;0,0;0,01;
03.06.2025;00:00;00:15;0,0;0,0;0,01;
03.06.2025;00:15;00:30;0,0;0,0;0,0;
03.06.2025;00:30;00:45;0,0;0,0;0,01;
03.06.2025;00:45;01:00;0,0;0,0;0,0;
03.06.2025;01:00;01:15;0,0;0,0;0,01;
03.06.2025;01:15;01:30;0,0;0,0;0,0;
03.06.2025;01:30;01:45;0,0;0,0;0,01;
03.06.2025;01:45;02:00;0,0;0,0;0,0;
03.06.2025;02:00;02:15;0,0;0,0;0,01;
03.06.2025;02:15;02:30;0,0;0,0;0,0;
03.06.2025;02:30;02:45;0,0;0,0;0,0;
03.06.2025;02:45;03:00;0,0;0,0;0,0;
03.06.2025;03:00;03:15;0,0;0,0;0,01;
03.06.2025;03:15;03:30;0,0;0,0;0,0;
03.06.2025;03:30;03:45;0,0;0,0;0,01;
03.06.2025;03:45;04:00;0,0;0,0;0,0;
03.06.2025;04:00;04:15;0,0;0,0;0,01;
03.06.2025;04:15;04:30;0,0;0,0;0,0;
03.06.2025;04:30;04:45;0,0;0,0;0,01;
03.06.2025;04:45;05:00;0,0;0,0;0,0;
03.06.2025;05:00;05:15;0,0;0,0;0,01;
03.06.2025;05:15;05:30;0,0;0,0;0,01;
03.06.2025;05:30;05:45;0,0;0,0;0,0;
03.06.2025;05:45;06:00;0,0;0,0;0,0;
03.06.2025;06:00;06:15;0,0;0,0;0,01;
03.06.2025;06:15;06:30;0,0;0,0;0,01;
03.06.2025;06:30;06:45;0,0;0,0;0,0;
03.06.2025;06:45;07:00;0,0;0,0;0,0;
03.06.2025;07:00;07:15;0,0;0,0;0,01;
03.06.2025;07:15;07:30;0,0;0,0;0,01;
03.06.2025;07:30;07:45;0,0;0,0;0,01;
03.06.2025;07:45;08:00;0,0;0,0;0,0;
03.06.2025;08:00;08:15;0,0;0,0;0,01;
03.06.2025;08:15;08:30;0,0;0,0;0,0;
03.06.2025;08:30;08:45;0,0;0,01;0,0;
03.06.2025;08:45;09:00;0,0;0,0;0,0;
03.06.2025;09:00;09:15;0,0;0,01;0,01;
03.06.2025;09:15;09:30;0,0;0,0;0,01;
03.06.2025;09:30;09:45;0,0;0,0;0,0;
03.06.2025;09:45;10:00;0,0;0,0;0,0;
03.06.2025;10:00;10:15;0,0;0,0;0,01;
03.06.2025;10:15;10:30;0,0;0,0;0,0;
03.06.2025;10:30;10:45;0,0;0,0;0,0;
03.06.2025;10:45;11:00;0,0;0,0;0,01;
03.06.2025;11:00;11:15;0,0;0,0;0,01;
03.06.2025;11:15;11:30;0,0;0,0;0,0;
03.06.2025;11:30;11:45;0,0;0,0;0,01;
03.06.2025;11:45;12:00;0,0;0,0;0,0;
03.06.2025;12:00;12:15;0,0;0,0;0,0;
03.06.2025;12:15;12:30;0,0;0,0;0,01;
03.06.2025;12:30;12:45;0,0;0,0;0,01;
03.06.2025;12:45;13:00;0,03;0,0;0,01;
03.06.2025;13:00;13:15;0,02;0,0;0,02;
03.06.2025;13:15;13:30;0,02;0,0;0,01;
03.06.2025;13:30;13:45;0,01;0,0;0,0;
03.06.2025;13:45;14:00;0,0;0,0;0,0;
03.06.2025;14:00;14:15;0,0;0,0;0,0;
03.06.2025;14:15;14:30;0,02;0,0;0,0;
03.06.2025;14:30;14:45;0,03;0,0;0,0;
03.06.2025;14:45;15:00;0,03;0,0;0,0;
03.06.2025;15:00;15:15;0,03;0,0;0,0;
03.06.2025;15:15;15:30;0,03;0,0;0,0;
03.06.2025;15:30;15:45;0,02;0,0;0,0;
03.06.2025;15:45;16:00;0,03;0,0;0,01;
03.06.2025;16:00;16:15;0,0;0,0;0,02;
03.06.2025;16:15;16:30;0,0;0,0;0,02;
03.06.2025;16:30;16:45;0,0;0,0;0,0;
03.06.2025;16:45;17:00;0,02;0,0;0,0;
03.06.2025;17:00;17:15;0,02;0,0;0,0;
03.06.2025;17:15;17:30;0,03;0,0;0,0;
03.06.2025;17:30;17:45;0,01;0,0;0,0;
03.06.2025;17:45;18:00;0,0;0,0;0,0;
03.06.2025;18:00;18:15;0,01;0,0;0,0;
03.06.2025;18:15;18:30;0,01;0,0;0,0;
03.06.2025;18:30;18:45;0,02;0,0;0,0;
03.06.2025;18:45;19:00;0,02;0,0;0,0;
03.06.2025;19:00;19:15;0,02;0,0;0,0;
03.06.2025;19:15;19:30;0,01;0,0;0,0;
03.06.2025;19:30;19:45;0,0;0,0;0,0;
03.06.2025;19:45;20:00;0,0;0,0;0,01;
03.06.2025;20:00;20:15;0,0;0,0;0,01;
03.06.2025;20:15;20:30;0,0;0,01;0,01;
03.06.2025;20:30;20:45;0,0;0,0;0,01;
03.06.2025;20:45;21:00;0,0;0,0;0,0;
03.06.2025;21:00;21:15;0,0;0,0;0,01;
03.06.2025;21:15;21:30;0,0;0,01;0,01;
03.06.2025;21:30;21:45;0,0;0,01;0,02;
03.06.2025;21:45;22:00;0,0;0,0;0,01;
03.06.2025;22:00;22:15;0,0;0,0;0,01;
03.06.2025;22:15;22:30;0,0;0,0;0,0;
03.06.2025;22:30;22:45;0,0;0,0;0,01;
03.06.2025;22:45;23:00;0,0;0,0;0,0;
03.06.2025;23:00;23:15;0,0;0,0;0,01;
03.06.2025;23:15;23:30;0,0;0,0;0,0;
03.06.2025;23:30;23:45;0,0;0,0;0,01;
03.06.2025;23:45;00:00;0,0;0,0;0,01;
04.06.2025;00:00;00:15;0,0;0,0;0,0;
04.06.2025;00:15;00:30;0,0;0,0;0,01;
04.06.2025;00:30;00:45;0,0;0,0;0,01;
04.06.2025;00:45;01:00;0,0;0,0;0,01;
04.06.2025;01:00;01:15;0,0;0,0;0,0;
04.06.2025;01:15;01:30;0,0;0,0;0,01;
04.06.2025;01:30;01:45;0,0;0,0;0,01;
04.06.2025;01:45;02:00;0,0;0,0;0,0;
04.06.2025;02:00;02:15;0,0;0,0;0,01;
04.06.2025;02:15;02:30;0,0;0,0;0,0;
04.06.2025;02:30;02:45;0,0;0,0;0,01;
04.06.2025;02:45;03:00;0,0;0,0;0,01;
04.06.2025;03:00;03:15;0,0;0,0;0,01;
04.06.2025;03:15;03:30;0,0;0,0;0,0;
04.06.2025;03:30;03:45;0,0;0,0;0,0;
04.06.2025;03:45;04:00;0,0;0,0;0,01;
04.06.2025;04:00;04:15;0,0;0,0;0,01;
04.06.2025;04:15;04:30;0,0;0,0;0,01;
04.06.2025;04:30;04:45;0,0;0,0;0,0;
04.06.2025;04:45;05:00;0,0;0,0;0,01;
04.06.2025;05:00;05:15;0,0;0,0;0,01;
04.06.2025;05:15;05:30;0,0;0,0;0,0;
04.06.2025;05:30;05:45;0,0;0,0;0,01;
04.06.2025;05:45;06:00;0,0;0,0;0,01;
04.06.2025;06:00;06:15;0,0;0,0;0,0;
04.06.2025;06:15;06:30;0,0;0,0;0,01;
04.06.2025;06:30;06:45;0,0;0,0;0,01;
04.06.2025;06:45;07:00;0,0;0,0;0,0;
04.06.2025;07:00;07:15;0,0;0,0;0,0;
04.06.2025;07:15;07:30;0,0;0,0;0,0;
04.06.2025;07:30;07:45;0,0;0,01;0,01;
04.06.2025;07:45;08:00;0,0;0,0;0,01;
04.06.2025;08:00;08:15;0,0;0,0;0,01;
04.06.2025;08:15;08:30;0,0;0,0;0,0;
04.06.2025;08:30;08:45;0,0;0,01;0,01;
04.06.2025;08:45;09:00;0,0;0,0;0,01;
04.06.2025;09:00;09:15;0,0;0,0;0,0;
04.06.2025;09:15;09:30;0,0;0,0;0,01;
04.06.2025;09:30;09:45;0,0;0,0;0,01;
04.06.2025;09:45;10:00;0,0;0,0;0,01;
04.06.2025;10:00;10:15;0,0;0,0;0,0;
04.06.2025;10:15;10:30;0,0;0,0;0,02;
04.06.2025;10:30;10:45;0,0;0,0;0,0;
04.06.2025;10:45;11:00;0,03;0,0;0,01;
04.06.2025;11:00;11:15;0,11;0,0;0,0;
04.06.2025;11:15;11:30;0,15;0,0;0,0;
04.06.2025;11:30;11:45;0,06;0,0;0,0;
04.06.2025;11:45;12:00;0,17;0,0;0,0;
04.06.2025;12:00;12:15;0,01;0,0;0,0;
04.06.2025;12:15;12:30;0,02;0,0;0,0;
04.06.2025;12:30;12:45;0,04;0,0;0,0;
04.06.2025;12:45;13:00;0,02;0,0;0,0;
04.06.2025;13:00;13:15;0,0;0,0;0,01;
04.06.2025;13:15;13:30;0,01;0,0;0,01;
04.06.2025;13:30;13:45;0,0;0,0;0,0;
04.06.2025;13:45;14:00;0,01;0,0;0,0;
04.06.2025;14:00;14:15;0,03;0,0;0,0;
04.06.2025;14:15;14:30;0,02;0,0;0,0;
04.06.2025;14:30;14:45;0,02;0,0;0,0;
04.06.2025;14:45;15:00;0,0;0,0;0,0;
04.06.2025;15:00;15:15;0,0;0,0;0,0;
04.06.2025;15:15;15:30;0,01;0,0;0,0;
04.06.2025;15:30;15:45;0,02;0,08;0,0;
04.06.2025;15:45;16:00;0,03;0,08;0,0;
04.06.2025;16:00;16:15;0,01;0,05;0,01;
04.06.2025;16:15;16:30;0,0;0,07;0,01;
04.06.2025;16:30;16:45;0,0;0,0;0,01;
04.06.2025;16:45;17:00;0,0;0,05;0,0;
04.06.2025;17:00;17:15;0,04;0,04;0,0;
04.06.2025;17:15;17:30;0,09;0,04;0,0;
04.06.2025;17:30;17:45;0,05;0,05;0,0;
04.06.2025;17:45;18:00;0,07;0,06;0,0;
04.06.2025;18:00;18:15;0,08;0,08;0,0;
04.06.2025;18:15;18:30;0,07;0,03;0,0;
04.06.2025;18:30;18:45;0,02;0,06;0,0;
04.06.2025;18:45;19:00;0,03;0,04;0,0;
04.06.2025;19:00;19:15;0,01;0,03;0,0;
04.06.2025;19:15;19:30;0,01;0,03;0,0;
04.06.2025;19:30;19:45;0,0;0,01;0,0;
04.06.2025;19:45;20:00;0,0;0,01;0,0;
04.06.2025;20:00;20:15;0,0;0,0;0,01;
04.06.2025;20:15;20:30;0,0;0,0;0,01;
04.06.2025;20:30;20:45;0,0;0,0;0,01;
04.06.2025;20:45;21:00;0,0;0,0;0,0;
04.06.2025;21:00;21:15;0,0;0,0;0,01;
04.06.2025;21:15;21:30;0,0;0,0;0,01;
04.06.2025;21:30;21:45;0,0;0,0;0,0;
04.06.2025;21:45;22:00;0,0;0,0;0,01;
04.06.2025;22:00;22:15;0,0;0,0;0,01;
04.06.2025;22:15;22:30;0,0;0,0;0,0;
04.06.2025;22:30;22:45;0,0;0,0;0,01;
04.06.2025;22:45;23:00;0,0;0,0;0,01;
04.06.2025;23:00;23:15;0,0;0,0;0,0;
04.06.2025;23:15;23:30;0,0;0,0;0,01;
04.06.2025;23:30;23:45;0,0;0,0;0,0;
04.06.2025;23:45;00:00;0,0;0,0;0,01;
05.06.2025;00:00;00:15;0,0;0,0;0,0;
05.06.2025;00:15;00:30;0,0;0,0;0,0;
05.06.2025;00:30;00:45;0,0;0,0;0,01;
05.06.2025;00:45;01:00;0,0;0,0;0,0;
05.06.2025;01:00;01:15;0,0;0,0;0,01;
05.06.2025;01:15;01:30;0,0;0,0;0,01;
05.06.2025;01:30;01:45;0,0;0,0;0,0;
05.06.2025;01:45;02:00;0,0;0,0;0,01;
05.06.2025;02:00;02:15;0,0;0,0;0,0;
05.06.2025;02:15;02:30;0,0;0,0;0,01;
05.06.2025;02:30;02:45;0,0;0,0;0,01;
05.06.2025;02:45;03:00;0,0;0,0;0,0;
05.06.2025;03:00;03:15;0,0;0,0;0,01;
05.06.2025;03:15;03:30;0,0;0,0;0,01;
05.06.2025;03:30;03:45;0,0;0,0;0,01;
05.06.2025;03:45;04:00;0,0;0,0;0,0;
05.06.2025;04:00;04:15;0,0;0,0;0,01;
05.06.2025;04:15;04:30;0,0;0,0;0,0;
05.06.2025;04:30;04:45;0,0;0,0;0,0;
05.06.2025;04:45;05:00;0,0;0,0;0,01;
05.06.2025;05:00;05:15;0,0;0,0;0,01;
05.06.2025;05:15;05:30;0,0;0,0;0,01;
05.06.2025;05:30;05:45;0,0;0,0;0,01;
05.06.2025;05:45;06:00;0,0;0,0;0,0;
05.06.2025;06:00;06:15;0,0;0,0;0,0;
05.06.2025;06:15;06:30;0,0;0,0;0,0;
05.06.2025;06:30;06:45;0,0;0,0;0,0;
05.06.2025;06:45;07:00;0,0;0,01;0,0;
05.06.2025;07:00;07:15;0,0;0,0;0,01;
05.06.2025;07:15;07:30;0,0;0,0;0,01;
05.06.2025;07:30;07:45;0,0;0,0;0,01;
05.06.2025;07:45;08:00;0,0;0,0;0,01;
05.06.2025;08:00;08:15;0,0;0,0;0,0;
05.06.2025;08:15;08:30;0,0;0,0;0,01;
05.06.2025;08:30;08:45;0,0;0,0;0,0;
05.06.2025;08:45;09:00;0,0;0,01;0,01;
05.06.2025;09:00;09:15;0,0;0,0;0,01;
05.06.2025;09:15;09:30;0,0;0,0;0,01;
05.06.2025;09:30;09:45;0,0;0,0;0,01;
05.06.2025;09:45;10:00;0,0;0,0;0,0;
05.06.2025;10:00;10:15;0,0;0,0;0,0;
05.06.2025;10:15;10:30;0,0;0,0;0,02;
05.06.2025;10:30;10:45;0,0;0,0;0,0;
05.06.2025;10:45;11:00;0,0;0,0;0,01;
05.06.2025;11:00;11:15;0,0;0,0;0,01;
05.06.2025;11:15;11:30;0,0;0,0;0,38;
05.06.2025;11:30;11:45;0,0;0,0;0,17;
05.06.2025;11:45;12:00;0,0;0,0;0,02;
05.06.2025;12:00;12:15;0,0;0,0;0,01;
05.06.2025;12:15;12:30;0,0;0,0;0,0;
05.06.2025;12:30;12:45;0,0;0,0;0,01;
05.06.2025;12:45;13:00;0,0;0,0;0,01;
05.06.2025;13:00;13:15;0,0;0,0;0,01;
05.06.2025;13:15;13:30;0,0;0,0;0,23;
05.06.2025;13:30;13:45;0,0;0,0;0,36;
05.06.2025;13:45;14:00;0,0;0,0;0,3;
05.06.2025;14:00;14:15;0,0;0,0;0,3;
05.06.2025;14:15;14:30;0,0;0,0;0,27;
05.06.2025;14:30;14:45;0,0;0,0;0,22;
05.06.2025;14:45;15:00;0,0;0,0;0,27;
05.06.2025;15:00;15:15;0,0;0,0;0,06;
05.06.2025;15:15;15:30;0,0;0,0;0,02;
05.06.2025;15:30;15:45;0,0;0,0;0,01;
05.06.2025;15:45;16:00;0,0;0,0;0,02;
05.06.2025;16:00;16:15;0,0;0,0;0,01;
05.06.2025;16:15;16:30;0,0;0,0;0,02;
05.06.2025;16:30;16:45;0,0;0,0;0,02;
05.06.2025;16:45;17:00;0,0;0,0;0,0;
05.06.2025;17:00;17:15;0,0;0,0;0,01;
05.06.2025;17:15;17:30;0,0;0,0;0,05;
05.06.2025;17:30;17:45;0,0;0,0;0,16;
05.06.2025;17:45;18:00;0,0;0,0;0,13;
05.06.2025;18:00;18:15;0,0;0,0;0,23;
05.06.2025;18:15;18:30;0,0;0,0;0,16;
05.06.2025;18:30;18:45;0,0;0,0;0,12;
05.06.2025;18:45;19:00;0,0;0,0;0,05;
05.06.2025;19:00;19:15;0,0;0,0;0,05;
05.06.2025;19:15;19:30;0,0;0,0;0,09;
05.06.2025;19:30;19:45;0,0;0,0;0,02;
05.06.2025;19:45;20:00;0,0;0,0;0,01;
05.06.2025;20:00;20:15;0,0;0,0;0,0;
05.06.2025;20:15;20:30;0,0;0,0;0,02;
05.06.2025;20:30;20:45;0,0;0,0;0,01;
05.06.2025;20:45;21:00;0,0;0,0;0,01;
05.06.2025;21:00;21:15;0,0;0,0;0,02;
05.06.2025;21:15;21:30;0,0;0,0;0,01;
05.06.2025;21:30;21:45;0,0;0,0;0,01;
05.06.2025;21:45;22:00;0,0;0,0;0,02;
05.06.2025;22:00;22:15;0,0;0,0;0,01;
05.06.2025;22:15;22:30;0,0;0,0;0,01;
05.06.2025;22:30;22:45;0,0;0,0;0,02;
05.06.2025;22:45;23:00;0,0;0,0;0,01;
05.06.2025;23:00;23:15;0,0;0,0;0,01;
05.06.2025;23:15;23:30;0,0;0,0;0,01;
05.06.2025;23:30;23:45;0,0;0,0;0,02;
05.06.2025;23:45;00:00;0,0;0,0;0,01;
06.06.2025;00:00;00:15;0,0;0,0;0,01;
06.06.2025;00:15;00:30;0,0;0,0;0,02;
06.06.2025;00:30;00:45;0,0;0,0;0,01;
06.06.2025;00:45;01:00;0,0;0,0;0,02;
06.06.2025;01:00;01:15;0,0;0,0;0,01;
06.06.2025;01:15;01:30;0,0;0,0;0,02;
06.06.2025;01:30;01:45;0,0;0,0;0,02;
06.06.2025;01:45;02:00;0,0;0,0;0,01;
06.06.2025;02:00;02:15;0,0;0,0;0,01;
06.06.2025;02:15;02:30;0,0;0,0;0,02;
06.06.2025;02:30;02:45;0,0;0,0;0,01;
06.06.2025;02:45;03:00;0,0;0,0;0,02;
06.06.2025;03:00;03:15;0,0;0,0;0,01;
06.06.2025;03:15;03:30;0,0;0,0;0,01;
06.06.2025;03:30;03:45;0,0;0,0;0,02;
06.06.2025;03:45;04:00;0,0;0,0;0,01;
06.06.2025;04:00;04:15;0,0;0,0;0,01;
06.06.2025;04:15;04:30;0,0;0,0;0,01;
06.06.2025;04:30;04:45;0,0;0,0;0,02;
06.06.2025;04:45;05:00;0,0;0,0;0,01;
06.06.2025;05:00;05:15;0,0;0,0;0,01;
06.06.2025;05:15;05:30;0,0;0,0;0,01;
06.06.2025;05:30;05:45;0,0;0,0;0,0;
06.06.2025;05:45;06:00;0,0;0,0;0,02;
06.06.2025;06:00;06:15;0,0;0,0;0,01;
06.06.2025;06:15;06:30;0,0;0,0;0,01;
06.06.2025;06:30;06:45;0,0;0,0;0,01;
06.06.2025;06:45;07:00;0,0;0,0;0,01;
06.06.2025;07:00;07:15;0,0;0,0;0,0;
06.06.2025;07:15;07:30;0,0;0,01;0,0;
06.06.2025;07:30;07:45;0,0;0,0;0,0;
06.06.2025;07:45;08:00;0,0;0,0;0,0;
06.06.2025;08:00;08:15;0,0;0,0;0,01;
06.06.2025;08:15;08:30;0,0;0,0;0,0;
06.06.2025;08:30;08:45;0,0;0,01;0,0;
06.06.2025;08:45;09:00;0,0;0,0;0,01;
06.06.2025;09:00;09:15;0,0;0,0;0,01;
06.06.2025;09:15;09:30;0,0;0,0;0,01;
06.06.2025;09:30;09:45;0,0;0,0;0,01;
06.06.2025;09:45;10:00;0,0;0,0;0,01;
06.06.2025;10:00;10:15;0,0;0,0;0,0;
06.06.2025;10:15;10:30;0,0;0,0;0,0;
06.06.2025;10:30;10:45;0,0;0,0;0,0;
06.06.2025;10:45;11:00;0,0;0,0;0,02;
06.06.2025;11:00;11:15;0,0;0,0;0,01;
06.06.2025;11:15;11:30;0,0;0,0;0,01;
06.06.2025;11:30;11:45;0,0;0,0;0,02;
06.06.2025;11:45;12:00;0,0;0,0;0,02;
06.06.2025;12:00;12:15;0,0;0,0;0,01;
06.06.2025;12:15;12:30;0,0;0,0;0,02;
06.06.2025;12:30;12:45;0,0;0,0;0,02;
06.06.2025;12:45;13:00;0,0;0,0;0,02;
06.06.2025;13:00;13:15;0,0;0,0;0,17;
06.06.2025;13:15;13:30;0,0;0,0;0,03;
06.06.2025;13:30;13:45;0,0;0,0;0,03;
06.06.2025;13:45;14:00;0,0;0,0;0,01;
06.06.2025;14:00;14:15;0,0;0,0;0,02;
06.06.2025;14:15;14:30;0,0;0,0;0,01;
06.06.2025;14:30;14:45;0,0;0,0;0,02;
06.06.2025;14:45;15:00;0,0;0,0;0,01;
06.06.2025;15:00;15:15;0,0;0,0;0,01;
06.06.2025;15:15;15:30;0,0;0,0;0,01;
06.06.2025;15:30;15:45;0,0;0,0;0,0;
06.06.2025;15:45;16:00;0,0;0,0;0,01;
06.06.2025;16:00;16:15;0,0;0,0;0,0;
06.06.2025;16:15;16:30;0,0;0,0;0,01;
06.06.2025;16:30;16:45;0,0;0,0;0,0;
06.06.2025;16:45;17:00;0,0;0,0;0,01;
06.06.2025;17:00;17:15;0,0;0,0;0,0;
06.06.2025;17:15;17:30;0,0;0,0;0,01;
06.06.2025;17:30;17:45;0,0;0,0;0,02;
06.06.2025;17:45;18:00;0,0;0,0;0,05;
06.06.2025;18:00;18:15;0,0;0,0;0,01;
06.06.2025;18:15;18:30;0,0;0,0;0,01;
06.06.2025;18:30;18:45;0,0;0,0;0,01;
06.06.2025;18:45;19:00;0,0;0,0;0,0;
06.06.2025;19:00;19:15;0,0;0,0;0,01;
06.06.2025;19:15;19:30;0,0;0,0;0,01;
06.06.2025;19:30;19:45;0,0;0,0;0,01;
06.06.2025;19:45;20:00;0,0;0,0;0,01;
06.06.2025;20:00;20:15;0,0;0,0;0,0;
06.06.2025;20:15;20:30;0,0;0,0;0,01;
06.06.2025;20:30;20:45;0,0;0,0;0,01;
06.06.2025;20:45;21:00;0,0;0,0;0,01;
06.06.2025;21:00;21:15;0,0;0,0;0,01;
06.06.2025;21:15;21:30;0,0;0,01;0,01;
06.06.2025;21:30;21:45;0,0;0,0;0,01;
06.06.2025;21:45;22:00;0,0;0,0;0,01;
06.06.2025;22:00;22:15;0,0;0,0;0,01;
06.06.2025;22:15;22:30;0,0;0,0;0,0;
06.06.2025;22:30;22:45;0,0;0,0;0,01;
06.06.2025;22:45;23:00;0,0;0,0;0,01;
06.06.2025;23:00;23:15;0,0;0,0;0,0;
06.06.2025;23:15;23:30;0,0;0,0;0,01;
06.06.2025;23:30;23:45;0,0;0,01;0,01;
06.06.2025;23:45;00:00;0,0;0,0;0,01;
07.06.2025;00:00;00:15;0,0;0,0;0,01;
07.06.2025;00:15;00:30;0,0;0,0;0,02;
07.06.2025;00:30;00:45;0,0;0,0;0,01;
07.06.2025;00:45;01:00;0,0;0,0;0,02;
07.06.2025;01:00;01:15;0,0;0,0;0,01;
07.06.2025;01:15;01:30;0,0;0,0;0,01;
07.06.2025;01:30;01:45;0,0;0,0;0,02;
07.06.2025;01:45;02:00;0,0;0,0;0,01;
07.06.2025;02:00;02:15;0,0;0,0;0,01;
07.06.2025;02:15;02:30;0,0;0,0;0,02;
07.06.2025;02:30;02:45;0,0;0,0;0,01;
07.06.2025;02:45;03:00;0,0;0,0;0,02;
07.06.2025;03:00;03:15;0,0;0,0;0,01;
07.06.2025;03:15;03:30;0,0;0,0;0,01;
07.06.2025;03:30;03:45;0,0;0,0;0,02;
07.06.2025;03:45;04:00;0,0;0,0;0,01;
07.06.2025;04:00;04:15;0,0;0,0;0,01;
07.06.2025;04:15;04:30;0,0;0,0;0,02;
07.06.2025;04:30;04:45;0,0;0,0;0,01;
07.06.2025;04:45;05:00;0,0;0,0;0,0;
07.06.2025;05:00;05:15;0,0;0,0;0,01;
07.06.2025;05:15;05:30;0,0;0,0;0,01;
07.06.2025;05:30;05:45;0,0;0,0;0,01;
07.06.2025;05:45;06:00;0,0;0,0;0,01;
07.06.2025;06:00;06:15;0,0;0,0;0,01;
07.06.2025;06:15;06:30;0,0;0,0;0,01;
07.06.2025;06:30;06:45;0,0;0,0;0,01;
07.06.2025;06:45;07:00;0,0;0,0;0,01;
07.06.2025;07:00;07:15;0,0;0,0;0,0;
07.06.2025;07:15;07:30;0,0;0,0;0,01;
07.06.2025;07:30;07:45;0,0;0,0;0,0;
07.06.2025;07:45;08:00;0,0;0,0;0,01;
07.06.2025;08:00;08:15;0,0;0,0;0,0;
07.06.2025;08:15;08:30;0,0;0,0;0,01;
07.06.2025;08:30;08:45;0,0;0,0;0,01;
07.06.2025;08:45;09:00;0,0;0,0;0,0;
07.06.2025;09:00;09:15;0,0;0,0;0,0;
07.06.2025;09:15;09:30;0,0;0,0;0,0;
07.06.2025;09:30;09:45;0,0;0,0;0,01;
07.06.2025;09:45;10:00;0,0;0,0;0,01;
07.06.2025;10:00;10:15;0,0;0,01;0,0;
07.06.2025;10:15;10:30;0,0;0,0;0,01;
07.06.2025;10:30;10:45;0,0;0,0;0,01;
07.06.2025;10:45;11:00;0,0;0,0;0,01;
07.06.2025;11:00;11:15;0,0;0,0;0,01;
07.06.2025;11:15;11:30;0,0;0,0;0,02;
07.06.2025;11:30;11:45;0,0;0,0;0,01;
07.06.2025;11:45;12:00;0,0;0,0;0,23;
07.06.2025;12:00;12:15;0,0;0,0;0,23;
07.06.2025;12:15;12:30;0,0;0,0;0,13;
07.06.2025;12:30;12:45;0,0;0,0;0,1;
07.06.2025;12:45;13:00;0,0;0,0;0,25;
07.06.2025;13:00;13:15;0,0;0,0;0,15;
07.06.2025;13:15;13:30;0,0;0,0;0,2;
07.06.2025;13:30;13:45;0,0;0,0;0,23;
07.06.2025;13:45;14:00;0,0;0,0;0,22;
07.06.2025;14:00;14:15;0,0;0,0;0,33;
07.06.2025;14:15;14:30;0,0;0,0;0,2;
07.06.2025;14:30;14:45;0,0;0,0;0,07;
07.06.2025;14:45;15:00;0,0;0,0;0,11;
07.06.2025;15:00;15:15;0,0;0,0;0,01;
07.06.2025;15:15;15:30;0,0;0,0;0,0;
07.06.2025;15:30;15:45;0,0;0,0;0,0;
07.06.2025;15:45;16:00;0,0;0,0;0,01;
07.06.2025;16:00;16:15;0,0;0,0;0,01;
07.06.2025;16:15;16:30;0,0;0,0;0,01;
07.06.2025;16:30;16:45;0,0;0,0;0,09;
07.06.2025;16:45;17:00;0,0;0,0;0,01;
07.06.2025;17:00;17:15;0,0;0,0;0,03;
07.06.2025;17:15;17:30;0,0;0,0;0,18;
07.06.2025;17:30;17:45;0,0;0,0;0,22;
07.06.2025;17:45;18:00;0,0;0,0;0,18;
07.06.2025;18:00;18:15;0,0;0,0;0,07;
07.06.2025;18:15;18:30;0,0;0,0;0,01;
07.06.2025;18:30;18:45;0,0;0,0;0,01;
07.06.2025;18:45;19:00;0,0;0,0;0,01;
07.06.2025;19:00;19:15;0,0;0,0;0,01;
07.06.2025;19:15;19:30;0,0;0,0;0,01;
07.06.2025;19:30;19:45;0,0;0,0;0,02;
07.06.2025;19:45;20:00;0,0;0,0;0,01;
07.06.2025;20:00;20:15;0,0;0,0;0,02;
07.06.2025;20:15;20:30;0,0;0,0;0,01;
07.06.2025;20:30;20:45;0,0;0,0;0,01;
07.06.2025;20:45;21:00;0,0;0,0;0,02;
07.06.2025;21:00;21:15;0,0;0,0;0,01;
07.06.2025;21:15;21:30;0,0;0,0;0,0;
07.06.2025;21:30;21:45;0,0;0,0;0,02;
07.06.2025;21:45;22:00;0,0;0,0;0,0;
07.06.2025;22:00;22:15;0,0;0,0;0,01;
07.06.2025;22:15;22:30;0,0;0,0;0,02;
07.06.2025;22:30;22:45;0,0;0,0;0,01;
07.06.2025;22:45;23:00;0,0;0,0;0,01;
07.06.2025;23:00;23:15;0,0;0,0;0,01;
07.06.2025;23:15;23:30;0,0;0,0;0,01;
07.06.2025;23:30;23:45;0,0;0,0;0,02;
07.06.2025;23:45;00:00;0,0;0,0;0,01;
08.06.2025;00:00;00:15;0,0;0,0;0,01;
08.06.2025;00:15;00:30;0,0;0,0;0,02;
08.06.2025;00:30;00:45;0,0;0,0;0,01;
08.06.2025;00:45;01:00;0,0;0,0;0,02;
08.06.2025;01:00;01:15;0,0;0,0;0,0;
08.06.2025;01:15;01:30;0,0;0,0;0,02;
08.06.2025;01:30;01:45;0,0;0,0;0,01;
08.06.2025;01:45;02:00;0,0;0,0;0,02;
08.06.2025;02:00;02:15;0,0;0,0;0,01;
08.06.2025;02:15;02:30;0,0;0,0;0,01;
08.06.2025;02:30;02:45;0,0;0,0;0,02;
08.06.2025;02:45;03:00;0,0;0,0;0,01;
08.06.2025;03:00;03:15;0,0;0,0;0,01;
08.06.2025;03:15;03:30;0,0;0,0;0,01;
08.06.2025;03:30;03:45;0,0;0,0;0,01;
08.06.2025;03:45;04:00;0,0;0,0;0,01;
08.06.2025;04:00;04:15;0,0;0,0;0,01;
08.06.2025;04:15;04:30;0,0;0,0;0,01;
08.06.2025;04:30;04:45;0,0;0,0;0,01;
08.06.2025;04:45;05:00;0,0;0,0;0,0;
08.06.2025;05:00;05:15;0,0;0,0;0,02;
08.06.2025;05:15;05:30;0,0;0,0;0,01;
08.06.2025;05:30;05:45;0,0;0,0;0,01;
08.06.2025;05:45;06:00;0,0;0,0;0,01;
08.06.2025;06:00;06:15;0,0;0,0;0,01;
08.06.2025;06:15;06:30;0,0;0,0;0,01;
08.06.2025;06:30;06:45;0,0;0,0;0,01;
08.06.2025;06:45;07:00;0,0;0,0;0,01;
08.06.2025;07:00;07:15;0,0;0,0;0,01;
08.06.2025;07:15;07:30;0,0;0,0;0,01;
08.06.2025;07:30;07:45;0,0;0,0;0,0;
08.06.2025;07:45;08:00;0,0;0,0;0,01;
08.06.2025;08:00;08:15;0,0;0,0;0,01;
08.06.2025;08:15;08:30;0,0;0,0;0,01;
08.06.2025;08:30;08:45;0,0;0,0;0,01;
08.06.2025;08:45;09:00;0,0;0,0;0,02;
08.06.2025;09:00;09:15;0,0;0,0;0,01;
08.06.2025;09:15;09:30;0,0;0,0;0,01;
08.06.2025;09:30;09:45;0,0;0,0;0,0;
08.06.2025;09:45;10:00;0,0;0,01;0,0;
08.06.2025;10:00;10:15;0,0;0,0;0,0;
08.06.2025;10:15;10:30;0,0;0,0;0,0;
08.06.2025;10:30;10:45;0,0;0,0;0,01;
08.06.2025;10:45;11:00;0,0;0,01;0,01;
08.06.2025;11:00;11:15;0,0;0,0;0,01;
08.06.2025;11:15;11:30;0,0;0,0;0,0;
08.06.2025;11:30;11:45;0,0;0,0;0,0;
08.06.2025;11:45;12:00;0,0;0,0;0,02;
08.06.2025;12:00;12:15;0,0;0,0;0,0;
08.06.2025;12:15;12:30;0,0;0,0;0,01;
08.06.2025;12:30;12:45;0,0;0,0;0,01;
08.06.2025;12:45;13:00;0,0;0,0;0,01;
08.06.2025;13:00;13:15;0,0;0,0;0,01;
08.06.2025;13:15;13:30;0,0;0,0;0,01;
08.06.2025;13:30;13:45;0,0;0,0;0,01;
08.06.2025;13:45;14:00;0,0;0,0;0,01;
08.06.2025;14:00;14:15;0,0;0,01;0,02;
08.06.2025;14:15;14:30;0,0;0,0;0,02;
08.06.2025;14:30;14:45;0,0;0,0;0,0;
08.06.2025;14:45;15:00;0,0;0,0;0,01;
08.06.2025;15:00;15:15;0,0;0,0;0,0;
08.06.2025;15:15;15:30;0,0;0,0;0,01;
08.06.2025;15:30;15:45;0,0;0,0;0,01;
08.06.2025;15:45;16:00;0,0;0,0;0,01;
08.06.2025;16:00;16:15;0,0;0,0;0,01;
08.06.2025;16:15;16:30;0,0;0,0;0,0;
08.06.2025;16:30;16:45;0,0;0,0;0,01;
08.06.2025;16:45;17:00;0,0;0,0;0,03;
08.06.2025;17:00;17:15;0,0;0,0;0,33;
08.06.2025;17:15;17:30;0,0;0,0;0,31;
08.06.2025;17:30;17:45;0,0;0,0;0,27;
08.06.2025;17:45;18:00;0,0;0,0;0,1;
08.06.2025;18:00;18:15;0,0;0,0;0,01;
08.06.2025;18:15;18:30;0,0;0,0;0,01;
08.06.2025;18:30;18:45;0,0;0,0;0,03;
08.06.2025;18:45;19:00;0,0;0,0;0,01;
08.06.2025;19:00;19:15;0,0;0,0;0,13;
08.06.2025;19:15;19:30;0,0;0,0;0,04;
08.06.2025;19:30;19:45;0,0;0,0;0,02;
08.06.2025;19:45;20:00;0,0;0,0;0,02;
08.06.2025;20:00;20:15;0,0;0,0;0,02;
08.06.2025;20:15;20:30;0,0;0,0;0,01;
08.06.2025;20:30;20:45;0,0;0,0;0,02;
08.06.2025;20:45;21:00;0,0;0,0;0,02;
08.06.2025;21:00;21:15;0,0;0,0;0,01;
08.06.2025;21:15;21:30;0,0;0,0;0,02;
08.06.2025;21:30;21:45;0,0;0,0;0,01;
08.06.2025;21:45;22:00;0,0;0,0;0,01;
08.06.2025;22:00;22:15;0,0;0,0;0,01;
08.06.2025;22:15;22:30;0,0;0,0;0,01;
08.06.2025;22:30;22:45;0,0;0,0;0,01;
08.06.2025;22:45;23:00;0,0;0,0;0,01;
08.06.2025;23:00;23:15;0,0;0,0;0,01;
08.06.2025;23:15;23:30;0,0;0,0;0,01;
08.06.2025;23:30;23:45;0,0;0,0;0,01;
08.06.2025;23:45;00:00;0,0;0,0;0,01;
09.06.2025;00:00;00:15;0,0;0,0;0,01;
09.06.2025;00:15;00:30;0,0;0,0;0,02;
09.06.2025;00:30;00:45;0,0;0,0;0,01;
09.06.2025;00:45;01:00;0,0;0,0;0,01;
09.06.2025;01:00;01:15;0,0;0,0;0,02;
09.06.2025;01:15;01:30;0,0;0,0;0,01;
09.06.2025;01:30;01:45;0,0;0,0;0,01;
09.06.2025;01:45;02:00;0,0;0,0;0,01;
09.06.2025;02:00;02:15;0,0;0,0;0,01;
09.06.2025;02:15;02:30;0,0;0,0;0,01;
09.06.2025;02:30;02:45;0,0;0,0;0,01;
09.06.2025;02:45;03:00;0,0;0,0;0,01;
09.06.2025;03:00;03:15;0,0;0,0;0,01;
09.06.2025;03:15;03:30;0,0;0,0;0,01;
09.06.2025;03:30;03:45;0,0;0,0;0,01;
09.06.2025;03:45;04:00;0,0;0,0;0,01;
09.06.2025;04:00;04:15;0,0;0,0;0,01;
09.06.2025;04:15;04:30;0,0;0,0;0,01;
09.06.2025;04:30;04:45;0,0;0,0;0,01;
09.06.2025;04:45;05:00;0,0;0,0;0,01;
09.06.2025;05:00;05:15;0,0;0,0;0,01;
09.06.2025;05:15;05:30;0,0;0,0;0,01;
09.06.2025;05:30;05:45;0,0;0,0;0,01;
09.06.2025;05:45;06:00;0,0;0,0;0,01;
09.06.2025;06:00;06:15;0,0;0,01;0,01;
09.06.2025;06:15;06:30;0,0;0,0;0,0;
09.06.2025;06:30;06:45;0,0;0,0;0,0;
09.06.2025;06:45;07:00;0,0;0,0;0,0;
09.06.2025;07:00;07:15;0,0;0,0;0,0;
09.06.2025;07:15;07:30;0,0;0,0;0,0;
09.06.2025;07:30;07:45;0,0;0,0;0,01;
09.06.2025;07:45;08:00;0,0;0,0;0,0;
09.06.2025;08:00;08:15;0,0;0,02;0,0;
09.06.2025;08:15;08:30;0,0;0,0;0,01;
09.06.2025;08:30;08:45;0,0;0,01;0,02;
09.06.2025;08:45;09:00;0,0;0,0;0,01;
09.06.2025;09:00;09:15;0,0;0,0;0,01;
09.06.2025;09:15;09:30;0,0;0,0;0,01;
09.06.2025;09:30;09:45;0,0;0,0;0,01;
09.06.2025;09:45;10:00;0,0;0,0;0,01;
09.06.2025;10:00;10:15;0,0;0,0;0,02;
09.06.2025;10:15;10:30;0,0;0,0;0,37;
09.06.2025;10:30;10:45;0,0;0,0;0,44;
09.06.2025;10:45;11:00;0,0;0,0;0,36;
09.06.2025;11:00;11:15;0,0;0,0;0,6;
09.06.2025;11:15;11:30;0,0;0,0;0,27;
09.06.2025;11:30;11:45;0,0;0,0;0,4;
09.06.2025;11:45;12:00;0,0;0,0;1,07;
09.06.2025;12:00;12:15;0,0;0,0;0,48;
09.06.2025;12:15;12:30;0,04;0,0;0,27;
09.06.2025;12:30;12:45;0,09;0,0;0,03;
09.06.2025;12:45;13:00;0,04;0,0;0,15;
09.06.2025;13:00;13:15;0,03;0,0;0,04;
09.06.2025;13:15;13:30;0,02;0,0;0,0;
09.06.2025;13:30;13:45;0,03;0,0;0,0;
09.06.2025;13:45;14:00;0,02;0,0;0,0;
09.06.2025;14:00;14:15;0,01;0,0;0,0;
09.06.2025;14:15;14:30;0,01;0,0;0,0;
09.06.2025;14:30;14:45;0,01;0,0;0,01;
09.06.2025;14:45;15:00;0,02;0,0;0,16;
09.06.2025;15:00;15:15;0,03;0,0;0,3;
09.06.2025;15:15;15:30;0,01;0,0;0,13;
09.06.2025;15:30;15:45;0,01;0,0;0,04;
09.06.2025;15:45;16:00;0,01;0,0;0,0;
09.06.2025;16:00;16:15;0,01;0,0;0,0;
09.06.2025;16:15;16:30;0,03;0,0;0,0;
09.06.2025;16:30;16:45;0,02;0,0;0,0;
09.06.2025;16:45;17:00;0,01;0,0;0,13;
09.06.2025;17:00;17:15;0,01;0,0;0,16;
09.06.2025;17:15;17:30;0,0;0,0;0,0;
09.06.2025;17:30;17:45;0,02;0,0;0,0;
09.06.2025;17:45;18:00;0,03;0,0;0,0;
09.06.2025;18:00;18:15;0,02;0,0;0,06;
09.06.2025;18:15;18:30;0,01;0,0;0,14;
09.06.2025;18:30;18:45;0,0;0,0;0,02;
09.06.2025;18:45;19:00;0,01;0,0;0,0;
09.06.2025;19:00;19:15;0,02;0,0;0,0;
09.06.2025;19:15;19:30;0,0;0,0;0,01;
09.06.2025;19:30;19:45;0,0;0,0;0,01;
09.06.2025;19:45;20:00;0,0;0,0;0,01;
09.06.2025;20:00;20:15;0,0;0,0;0,01;
09.06.2025;20:15;20:30;0,0;0,0;0,0;
09.06.2025;20:30;20:45;0,0;0,0;0,01;
09.06.2025;20:45;21:00;0,0;0,0;0,01;
09.06.2025;21:00;21:15;0,0;0,0;0,01;
09.06.2025;21:15;21:30;0,0;0,0;0,0;
09.06.2025;21:30;21:45;0,0;0,0;0,01;
09.06.2025;21:45;22:00;0,0;0,0;0,01;
09.06.2025;22:00;22:15;0,0;0,0;0,01;
09.06.2025;22:15;22:30;0,0;0,0;0,01;
09.06.2025;22:30;22:45;0,0;0,0;0,0;
09.06.2025;22:45;23:00;0,0;0,0;0,01;
09.06.2025;23:00;23:15;0,0;0,01;0,0;
09.06.2025;23:15;23:30;0,0;0,0;0,01;
09.06.2025;23:30;23:45;0,0;0,0;0,01;
09.06.2025;23:45;00:00;0,0;0,0;0,01;
10.06.2025;00:00;00:15;0,0;0,0;0,01;
10.06.2025;00:15;00:30;0,0;0,0;0,01;
10.06.2025;00:30;00:45;0,0;0,0;0,0;
10.06.2025;00:45;01:00;0,0;0,0;0,01;
10.06.2025;01:00;01:15;0,0;0,0;0,0;
10.06.2025;01:15;01:30;0,0;0,0;0,01;
10.06.2025;01:30;01:45;0,0;0,0;0,0;
10.06.2025;01:45;02:00;0,0;0,0;0,01;
10.06.2025;02:00;02:15;0,0;0,0;0,01;
10.06.2025;02:15;02:30;0,0;0,0;0,0;
10.06.2025;02:30;02:45;0,0;0,0;0,01;
10.06.2025;02:45;03:00;0,0;0,0;0,01;
10.06.2025;03:00;03:15;0,0;0,0;0,0;
10.06.2025;03:15;03:30;0,0;0,0;0,01;
10.06.2025;03:30;03:45;0,0;0,0;0,0;
10.06.2025;03:45;04:00;0,0;0,0;0,0;
10.06.2025;04:00;04:15;0,0;0,0;0,01;
10.06.2025;04:15;04:30;0,0;0,0;0,0;
10.06.2025;04:30;04:45;0,0;0,0;0,01;
10.06.2025;04:45;05:00;0,0;0,0;0,0;
10.06.2025;05:00;05:15;0,0;0,0;0,0;
10.06.2025;05:15;05:30;0,0;0,0;0,01;
10.06.2025;05:30;05:45;0,0;0,0;0,0;
10.06.2025;05:45;06:00;0,0;0,01;0,01;
10.06.2025;06:00;06:15;0,0;0,0;0,01;
10.06.2025;06:15;06:30;0,0;0,0;0,01;
10.06.2025;06:30;06:45;0,0;0,01;0,01;
10.06.2025;06:45;07:00;0,0;0,0;0,0;
10.06.2025;07:00;07:15;0,0;0,0;0,0;
10.06.2025;07:15;07:30;0,0;0,0;0,0;
10.06.2025;07:30;07:45;0,0;0,0;0,0;
10.06.2025;07:45;08:00;0,0;0,0;0,01;
10.06.2025;08:00;08:15;0,0;0,0;0,01;
10.06.2025;08:15;08:30;0,0;0,01;0,01;
10.06.2025;08:30;08:45;0,0;0,0;0,02;
10.06.2025;08:45;09:00;0,0;0,0;0,01;
10.06.2025;09:00;09:15;0,0;0,0;0,01;
10.06.2025;09:15;09:30;0,0;0,0;0,01;
10.06.2025;09:30;09:45;0,0;0,0;0,01;
10.06.2025;09:45;10:00;0,0;0,0;0,01;
10.06.2025;10:00;10:15;0,0;0,0;0,0;
10.06.2025;10:15;10:30;0,0;0,0;0,01;
10.06.2025;10:30;10:45;0,0;0,0;0,01;
10.06.2025;10:45;11:00;0,01;0,0;0,0;
10.06.2025;11:00;11:15;0,1;0,0;0,0;
10.06.2025;11:15;11:30;0,22;0,0;0,0;
10.06.2025;11:30;11:45;0,31;0,0;0,0;
10.06.2025;11:45;12:00;0,04;0,0;0,0;
10.06.2025;12:00;12:15;0,04;0,0;0,01;
10.06.2025;12:15;12:30;0,23;0,0;0,0;
10.06.2025;12:30;12:45;0,03;0,0;0,0;
10.06.2025;12:45;13:00;0,03;0,0;0,0;
10.06.2025;13:00;13:15;0,0;0,0;0,01;
10.06.2025;13:15;13:30;0,0;0,0;0,0;
10.06.2025;13:30;13:45;0,01;0,0;0,01;
10.06.2025;13:45;14:00;0,0;0,0;0,0;
10.06.2025;14:00;14:15;0,03;0,0;0,0;
10.06.2025;14:15;14:30;0,02;0,0;0,0;
10.06.2025;14:30;14:45;0,02;0,0;0,0;
10.06.2025;14:45;15:00;0,0;0,0;0,0;
10.06.2025;15:00;15:15;0,01;0,0;0,0;
10.06.2025;15:15;15:30;0,0;0,0;0,01;
10.06.2025;15:30;15:45;0,02;0,0;0,0;
10.06.2025;15:45;16:00;0,02;0,0;0,0;
10.06.2025;16:00;16:15;0,02;0,0;0,0;
10.06.2025;16:15;16:30;0,01;0,0;0,0;
10.06.2025;16:30;16:45;0,0;0,0;0,0;
10.06.2025;16:45;17:00;0,01;0,0;0,0;
10.06.2025;17:00;17:15;0,01;0,0;0,01;
10.06.2025;17:15;17:30;0,03;0,0;0,0;
10.06.2025;17:30;17:45;0,02;0,0;0,0;
10.06.2025;17:45;18:00;0,0;0,0;0,0;
10.06.2025;18:00;18:15;0,0;0,0;0,01;
10.06.2025;18:15;18:30;0,0;0,0;0,0;
10.06.2025;18:30;18:45;0,0;0,0;0,0;
10.06.2025;18:45;19:00;0,0;0,0;0,01;
10.06.2025;19:00;19:15;0,0;0,01;0,01;
10.06.2025;19:15;19:30;0,0;0,0;0,0;
10.06.2025;19:30;19:45;0,0;0,0;0,01;
10.06.2025;19:45;20:00;0,0;0,0;0,0;
10.06.2025;20:00;20:15;0,0;0,0;0,01;
10.06.2025;20:15;20:30;0,0;0,0;0,01;
10.06.2025;20:30;20:45;0,0;0,0;0,01;
10.06.2025;20:45;21:00;0,0;0,0;0,0;
10.06.2025;21:00;21:15;0,0;0,0;0,01;
10.06.2025;21:15;21:30;0,0;0,0;0,01;
10.06.2025;21:30;21:45;0,0;0,01;0,01;
10.06.2025;21:45;22:00;0,0;0,0;0,01;
10.06.2025;22:00;22:15;0,0;0,0;0,01;
10.06.2025;22:15;22:30;0,0;0,0;0,01;
10.06.2025;22:30;22:45;0,0;0,0;0,01;
10.06.2025;22:45;23:00;0,0;0,0;0,0;
10.06.2025;23:00;23:15;0,0;0,0;0,01;
10.06.2025;23:15;23:30;0,0;0,0;0,0;
10.06.2025;23:30;23:45;0,0;0,0;0,01;
10.06.2025;23:45;00:00;0,0;0,0;0,0;
11.06.2025;00:00;00:15;0,0;0,0;0,01;
11.06.2025;00:15;00:30;0,0;0,0;0,01;
11.06.2025;00:30;00:45;0,0;0,01;0,02;
11.06.2025;00:45;01:00;0,0;0,0;0,01;
11.06.2025;01:00;01:15;0,0;0,0;0,0;
11.06.2025;01:15;01:30;0,0;0,0;0,01;
11.06.2025;01:30;01:45;0,0;0,0;0,0;
11.06.2025;01:45;02:00;0,0;0,0;0,0;
11.06.2025;02:00;02:15;0,0;0,0;0,01;
11.06.2025;02:15;02:30;0,0;0,0;0,01;
11.06.2025;02:30;02:45;0,0;0,0;0,01;
11.06.2025;02:45;03:00;0,0;0,0;0,01;
11.06.2025;03:00;03:15;0,0;0,0;0,0;
11.06.2025;03:15;03:30;0,0;0,0;0,0;
11.06.2025;03:30;03:45;0,0;0,0;0,01;
11.06.2025;03:45;04:00;0,0;0,0;0,0;
11.06.2025;04:00;04:15;0,0;0,0;0,01;
11.06.2025;04:15;04:30;0,0;0,0;0,01;
11.06.2025;04:30;04:45;0,0;0,0;0,0;
11.06.2025;04:45;05:00;0,0;0,0;0,01;
11.06.2025;05:00;05:15;0,0;0,0;0,0;
11.06.2025;05:15;05:30;0,0;0,0;0,0;
11.06.2025;05:30;05:45;0,0;0,0;0,01;
11.06.2025;05:45;06:00;0,0;0,0;0,01;
11.06.2025;06:00;06:15;0,0;0,01;0,01;
11.06.2025;06:15;06:30;0,0;0,0;0,0;
11.06.2025;06:30;06:45;0,0;0,0;0,01;
11.06.2025;06:45;07:00;0,0;0,0;0,01;
11.06.2025;07:00;07:15;0,0;0,0;0,01;
11.06.2025;07:15;07:30;0,0;0,0;0,0;
11.06.2025;07:30;07:45;0,0;0,0;0,01;
11.06.2025;07:45;08:00;0,0;0,0;0,0;
11.06.2025;08:00;08:15;0,0;0,01;0,01;
11.06.2025;08:15;08:30;0,0;0,0;0,01;
11.06.2025;08:30;08:45;0,0;0,0;0,01;
11.06.2025;08:45;09:00;0,0;0,0;0,01;
11.06.2025;09:00;09:15;0,0;0,0;0,02;
11.06.2025;09:15;09:30;0,0;0,0;0,01;
11.06.2025;09:30;09:45;0,0;0,0;0,58;
11.06.2025;09:45;10:00;0,0;0,0;0,9;
11.06.2025;10:00;10:15;0,0;0,0;0,98;
11.06.2025;10:15;10:30;0,0;0,0;0,99;
11.06.2025;10:30;10:45;0,0;0,0;1,01;
11.06.2025;10:45;11:00;0,0;0,0;1,0;
11.06.2025;11:00;11:15;0,0;0,0;1,0;
11.06.2025;11:15;11:30;0,0;0,0;1,02;
11.06.2025;11:30;11:45;0,0;0,0;0,99;
11.06.2025;11:45;12:00;0,0;0,0;0,76;
11.06.2025;12:00;12:15;0,0;0,0;0,8;
11.06.2025;12:15;12:30;0,0;0,0;0,86;
11.06.2025;12:30;12:45;0,03;0,0;0,45;
11.06.2025;12:45;13:00;0,02;0,0;0,66;
11.06.2025;13:00;13:15;0,07;0,0;0,64;
11.06.2025;13:15;13:30;0,04;0,0;0,48;
11.06.2025;13:30;13:45;0,03;0,0;0,38;
11.06.2025;13:45;14:00;0,03;0,0;0,37;
11.06.2025;14:00;14:15;0,02;0,0;0,35;
11.06.2025;14:15;14:30;0,03;0,0;0,17;
11.06.2025;14:30;14:45;0,02;0,0;0,23;
11.06.2025;14:45;15:00;0,01;0,0;0,01;
11.06.2025;15:00;15:15;0,01;0,0;0,03;
11.06.2025;15:15;15:30;0,0;0,0;0,01;
11.06.2025;15:30;15:45;0,02;0,0;0,0;
11.06.2025;15:45;16:00;0,03;0,0;0,0;
11.06.2025;16:00;16:15;0,03;0,0;0,0;
11.06.2025;16:15;16:30;0,01;0,0;0,0;
11.06.2025;16:30;16:45;0,02;0,0;0,0;
11.06.2025;16:45;17:00;0,02;0,0;0,0;
11.06.2025;17:00;17:15;0,03;0,0;0,0;
11.06.2025;17:15;17:30;0,04;0,0;0,0;
11.06.2025;17:30;17:45;0,02;0,0;0,0;
11.06.2025;17:45;18:00;0,01;0,0;0,0;
11.06.2025;18:00;18:15;0,0;0,0;0,01;
11.06.2025;18:15;18:30;0,0;0,0;0,01;
11.06.2025;18:30;18:45;0,02;0,0;0,0;
11.06.2025;18:45;19:00;0,03;0,0;0,0;
11.06.2025;19:00;19:15;0,0;0,02;0,0;
11.06.2025;19:15;19:30;0,01;0,01;0,01;
11.06.2025;19:30;19:45;0,0;0,0;0,0;
11.06.2025;19:45;20:00;0,0;0,0;0,01;
11.06.2025;20:00;20:15;0,0;0,01;0,01;
11.06.2025;20:15;20:30;0,0;0,0;0,01;
11.06.2025;20:30;20:45;0,0;0,0;0,0;
11.06.2025;20:45;21:00;0,0;0,0;0,01;
11.06.2025;21:00;21:15;0,0;0,0;0,01;
11.06.2025;21:15;21:30;0,0;0,01;0,01;
11.06.2025;21:30;21:45;0,0;0,0;0,0;
11.06.2025;21:45;22:00;0,0;0,0;0,01;
11.06.2025;22:00;22:15;0,0;0,0;0,0;
11.06.2025;22:15;22:30;0,0;0,0;0,0;
11.06.2025;22:30;22:45;0,0;0,0;0,01;
11.06.2025;22:45;23:00;0,0;0,0;0,01;
11.06.2025;23:00;23:15;0,0;0,0;0,01;
11.06.2025;23:15;23:30;0,0;0,0;0,01;
11.06.2025;23:30;23:45;0,0;0,0;0,0;
11.06.2025;23:45;00:00;0,0;0,0;0,01;
12.06.2025;00:00;00:15;0,0;0,0;0,0;
12.06.2025;00:15;00:30;0,0;0,0;0,0;
12.06.2025;00:30;00:45;0,0;0,0;0,01;
12.06.2025;00:45;01:00;0,0;0,01;0,01;
12.06.2025;01:00;01:15;0,0;0,0;0,01;
12.06.2025;01:15;01:30;0,0;0,0;0,0;
12.06.2025;01:30;01:45;0,0;0,0;0,01;
12.06.2025;01:45;02:00;0,0;0,0;0,0;
12.06.2025;02:00;02:15;0,0;0,0;0,01;
12.06.2025;02:15;02:30;0,0;0,0;0,01;
12.06.2025;02:30;02:45;0,0;0,0;0,01;
12.06.2025;02:45;03:00;0,0;0,0;0,0;
12.06.2025;03:00;03:15;0,0;0,0;0,01;
12.06.2025;03:15;03:30;0,0;0,01;0,01;
12.06.2025;03:30;03:45;0,0;0,0;0,01;
12.06.2025;03:45;04:00;0,0;0,0;0,01;
12.06.2025;04:00;04:15;0,0;0,0;0,0;
12.06.2025;04:15;04:30;0,0;0,0;0,0;
12.06.2025;04:30;04:45;0,0;0,0;0,01;
12.06.2025;04:45;05:00;0,0;0,0;0,01;
12.06.2025;05:00;05:15;0,0;0,01;0,02;
12.06.2025;05:15;05:30;0,0;0,0;0,0;
12.06.2025;05:30;05:45;0,0;0,0;0,0;
12.06.2025;05:45;06:00;0,0;0,0;0,01;
12.06.2025;06:00;06:15;0,0;0,0;0,0;
12.06.2025;06:15;06:30;0,0;0,0;0,01;
12.06.2025;06:30;06:45;0,0;0,0;0,0;
12.06.2025;06:45;07:00;0,0;0,0;0,01;
12.06.2025;07:00;07:15;0,0;0,0;0,0;
12.06.2025;07:15;07:30;0,0;0,0;0,0;
12.06.2025;07:30;07:45;0,0;0,0;0,0;
12.06.2025;07:45;08:00;0,0;0,0;0,0;
12.06.2025;08:00;08:15;0,0;0,01;0,01;
12.06.2025;08:15;08:30;0,0;0,0;0,0;
12.06.2025;08:30;08:45;0,0;0,0;0,02;
12.06.2025;08:45;09:00;0,0;0,0;0,01;
12.06.2025;09:00;09:15;0,0;0,0;0,02;
12.06.2025;09:15;09:30;0,0;0,0;0,01;
12.06.2025;09:30;09:45;0,0;0,0;0,01;
12.06.2025;09:45;10:00;0,0;0,0;0,01;
12.06.2025;10:00;10:15;0,0;0,0;0,01;
12.06.2025;10:15;10:30;0,0;0,0;0,01;
12.06.2025;10:30;10:45;0,0;0,0;0,0;
12.06.2025;10:45;11:00;0,01;0,0;0,0;
12.06.2025;11:00;11:15;0,01;0,0;0,0;
12.06.2025;11:15;11:30;0,0;0,0;0,0;
12.06.2025;11:30;11:45;0,03;0,0;0,0;
12.06.2025;11:45;12:00;0,02;0,0;0,0;
12.06.2025;12:00;12:15;0,02;0,0;0,0;
12.06.2025;12:15;12:30;0,0;0,0;0,0;
12.06.2025;12:30;12:45;0,01;0,0;0,0;
12.06.2025;12:45;13:00;0,01;0,0;0,0;
12.06.2025;13:00;13:15;0,02;0,0;0,0;
12.06.2025;13:15;13:30;0,03;0,0;0,0;
12.06.2025;13:30;13:45;0,01;0,0;0,0;
12.06.2025;13:45;14:00;0,0;0,0;0,01;
12.06.2025;14:00;14:15;0,0;0,0;0,45;
12.06.2025;14:15;14:30;0,0;0,0;0,36;
12.06.2025;14:30;14:45;0,0;0,0;0,25;
12.06.2025;14:45;15:00;0,0;0,0;0,26;
12.06.2025;15:00;15:15;0,0;0,0;0,26;
12.06.2025;15:15;15:30;0,0;0,0;0,39;
12.06.2025;15:30;15:45;0,0;0,0;0,64;
12.06.2025;15:45;16:00;0,02;0,0;0,05;
12.06.2025;16:00;16:15;0,03;0,0;0,0;
12.06.2025;16:15;16:30;0,02;0,0;0,0;
12.06.2025;16:30;16:45;0,04;0,0;0,0;
12.06.2025;16:45;17:00;0,02;0,0;0,0;
12.06.2025;17:00;17:15;0,03;0,0;0,0;
12.06.2025;17:15;17:30;0,03;0,0;0,0;
12.06.2025;17:30;17:45;0,03;0,0;0,02;
12.06.2025;17:45;18:00;0,0;0,0;0,0;
12.06.2025;18:00;18:15;0,01;0,0;0,0;
12.06.2025;18:15;18:30;0,0;0,0;0,0;
12.06.2025;18:30;18:45;0,02;0,0;0,0;
12.06.2025;18:45;19:00;0,0;0,0;0,01;
12.06.2025;19:00;19:15;0,0;0,0;0,01;
12.06.2025;19:15;19:30;0,01;0,01;0,01;
12.06.2025;19:30;19:45;0,0;0,01;0,0;
12.06.2025;19:45;20:00;0,0;0,0;0,01;
12.06.2025;20:00;20:15;0,0;0,0;0,01;
12.06.2025;20:15;20:30;0,0;0,0;0,01;
12.06.2025;20:30;20:45;0,0;0,0;0,0;
12.06.2025;20:45;21:00;0,0;0,0;0,01;
12.06.2025;21:00;21:15;0,0;0,0;0,0;
12.06.2025;21:15;21:30;0,0;0,0;0,01;
12.06.2025;21:30;21:45;0,0;0,0;0,0;
12.06.2025;21:45;22:00;0,0;0,0;0,0;
12.06.2025;22:00;22:15;0,0;0,0;0,01;
12.06.2025;22:15;22:30;0,0;0,0;0,01;
12.06.2025;22:30;22:45;0,0;0,0;0,01;
12.06.2025;22:45;23:00;0,0;0,0;0,01;
12.06.2025;23:00;23:15;0,0;0,0;0,01;
12.06.2025;23:15;23:30;0,0;0,01;0,01;
12.06.2025;23:30;23:45;0,0;0,01;0,01;
12.06.2025;23:45;00:00;0,0;0,01;0,01;
13.06.2025;00:00;00:15;0,0;0,0;0,01;
13.06.2025;00:15;00:30;0,0;0,0;0,01;
13.06.2025;00:30;00:45;0,0;0,0;0,01;
13.06.2025;00:45;01:00;0,0;0,0;0,0;
13.06.2025;01:00;01:15;0,0;0,0;0,01;
13.06.2025;01:15;01:30;0,0;0,0;0,0;
13.06.2025;01:30;01:45;0,0;0,0;0,01;
13.06.2025;01:45;02:00;0,0;0,0;0,01;
13.06.2025;02:00;02:15;0,0;0,0;0,01;
13.06.2025;02:15;02:30;0,0;0,0;0,01;
13.06.2025;02:30;02:45;0,0;0,0;0,01;
13.06.2025;02:45;03:00;0,0;0,0;0,01;
13.06.2025;03:00;03:15;0,0;0,0;0,0;
13.06.2025;03:15;03:30;0,0;0,0;0,01;
13.06.2025;03:30;03:45;0,0;0,0;0,0;
13.06.2025;03:45;04:00;0,0;0,0;0,01;
13.06.2025;04:00;04:15;0,0;0,0;0,0;
13.06.2025;04:15;04:30;0,0;0,0;0,01;
13.06.2025;04:30;04:45;0,0;0,0;0,0;
13.06.2025;04:45;05:00;0,0;0,0;0,01;
13.06.2025;05:00;05:15;0,0;0,0;0,01;
13.06.2025;05:15;05:30;0,0;0,0;0,0;
13.06.2025;05:30;05:45;0,0;0,0;0,01;
13.06.2025;05:45;06:00;0,0;0,0;0,01;
13.06.2025;06:00;06:15;0,0;0,0;0,01;
13.06.2025;06:15;06:30;0,0;0,0;0,01;
13.06.2025;06:30;06:45;0,0;0,0;0,01;
13.06.2025;06:45;07:00;0,0;0,0;0,01;
13.06.2025;07:00;07:15;0,0;0,0;0,0;
13.06.2025;07:15;07:30;0,0;0,0;0,0;
13.06.2025;07:30;07:45;0,0;0,0;0,0;
13.06.2025;07:45;08:00;0,0;0,0;0,0;
13.06.2025;08:00;08:15;0,0;0,0;0,0;
13.06.2025;08:15;08:30;0,0;0,0;0,02;
13.06.2025;08:30;08:45;0,0;0,0;0,01;
13.06.2025;08:45;09:00;0,0;0,0;0,02;
13.06.2025;09:00;09:15;0,0;0,0;0,01;
13.06.2025;09:15;09:30;0,0;0,0;0,02;
13.06.2025;09:30;09:45;0,0;0,0;0,03;
13.06.2025;09:45;10:00;0,0;0,0;0,4;
13.06.2025;10:00;10:15;0,0;0,0;0,47;
13.06.2025;10:15;10:30;0,01;0,0;0,22;
13.06.2025;10:30;10:45;0,02;0,0;0,13;
13.06.2025;10:45;11:00;0,03;0,0;0,38;
13.06.2025;11:00;11:15;0,02;0,0;0,75;
13.06.2025;11:15;11:30;0,01;0,0;0,67;
13.06.2025;11:30;11:45;0,01;0,0;0,65;
13.06.2025;11:45;12:00;0,01;0,0;0,65;
13.06.2025;12:00;12:15;0,03;0,0;0,84;
13.06.2025;12:15;12:30;0,02;0,0;0,68;
13.06.2025;12:30;12:45;0,02;0,0;0,81;
13.06.2025;12:45;13:00;0,0;0,0;0,68;
13.06.2025;13:00;13:15;0,01;0,0;0,62;
13.06.2025;13:15;13:30;0,01;0,0;0,63;
13.06.2025;13:30;13:45;0,02;0,0;0,18;
13.06.2025;13:45;14:00;0,03;0,0;0,03;
13.06.2025;14:00;14:15;0,03;0,0;0,12;
13.06.2025;14:15;14:30;0,0;0,0;0,02;
13.06.2025;14:30;14:45;0,01;0,0;0,0;
13.06.2025;14:45;15:00;0,01;0,09;0,0;
13.06.2025;15:00;15:15;0,03;0,61;0,0;
13.06.2025;15:15;15:30;0,02;0,59;0,0;
13.06.2025;15:30;15:45;0,0;0,58;0,0;
13.06.2025;15:45;16:00;0,01;0,54;0,0;
13.06.2025;16:00;16:15;0,0;0,52;0,0;
13.06.2025;16:15;16:30;0,02;0,47;0,0;
13.06.2025;16:30;16:45;0,03;0,43;0,0;
13.06.2025;16:45;17:00;0,01;0,43;0,0;
13.06.2025;17:00;17:15;0,01;0,34;0,0;
13.06.2025;17:15;17:30;0,0;0,34;0,03;
13.06.2025;17:30;17:45;0,01;0,23;0,25;
13.06.2025;17:45;18:00;0,03;0,28;0,06;
13.06.2025;18:00;18:15;0,02;0,23;0,0;
13.06.2025;18:15;18:30;0,01;0,0;0,0;
13.06.2025;18:30;18:45;0,0;0,0;0,0;
13.06.2025;18:45;19:00;0,01;0,01;0,0;
13.06.2025;19:00;19:15;0,02;0,01;0,0;
13.06.2025;19:15;19:30;0,05;0,0;0,0;
13.06.2025;19:30;19:45;0,0;0,02;0,0;
13.06.2025;19:45;20:00;0,0;0,02;0,0;
13.06.2025;20:00;20:15;0,0;0,0;0,0;
13.06.2025;20:15;20:30;0,0;0,0;0,0;
13.06.2025;20:30;20:45;0,0;0,0;0,0;
13.06.2025;20:45;21:00;0,0;0,0;0,0;
13.06.2025;21:00;21:15;0,0;0,0;0,0;
13.06.2025;21:15;21:30;0,0;0,0;0,0;
13.06.2025;21:30;21:45;0,0;0,0;0,0;
13.06.2025;21:45;22:00;0,0;0,0;0,01;
13.06.2025;22:00;22:15;0,0;0,0;0,02;
13.06.2025;22:15;22:30;0,0;0,0;0,02;
13.06.2025;22:30;22:45;0,0;0,0;0,01;
13.06.2025;22:45;23:00;0,0;0,0;0,0;
13.06.2025;23:00;23:15;0,0;0,0;0,0;
13.06.2025;23:15;23:30;0,0;0,0;0,0;
13.06.2025;23:30;23:45;0,0;0,0;0,0;
13.06.2025;23:45;00:00;0,0;0,0;0,0;
14.06.2025;00:00;00:15;0,0;0,0;0,0;
14.06.2025;00:15;00:30;0,0;0,0;0,0;
14.06.2025;00:30;00:45;0,0;0,0;0,0;
14.06.2025;00:45;01:00;0,0;0,0;0,0;
14.06.2025;01:00;01:15;0,0;0,0;0,01;
14.06.2025;01:15;01:30;0,0;0,0;0,01;
14.06.2025;01:30;01:45;0,0;0,0;0,02;
14.06.2025;01:45;02:00;0,0;0,0;0,01;
14.06.2025;02:00;02:15;0,0;0,0;0,02;
14.06.2025;02:15;02:30;0,0;0,0;0,01;
14.06.2025;02:30;02:45;0,0;0,0;0,02;
14.06.2025;02:45;03:00;0,0;0,0;0,01;
14.06.2025;03:00;03:15;0,0;0,0;0,01;
14.06.2025;03:15;03:30;0,0;0,0;0,02;
14.06.2025;03:30;03:45;0,0;0,0;0,01;
14.06.2025;03:45;04:00;0,0;0,0;0,01;
14.06.2025;04:00;04:15;0,0;0,0;0,02;
14.06.2025;04:15;04:30;0,0;0,0;0,01;
14.06.2025;04:30;04:45;0,0;0,0;0,02;
14.06.2025;04:45;05:00;0,0;0,0;0,01;
14.06.2025;05:00;05:15;0,0;0,0;0,01;
14.06.2025;05:15;05:30;0,0;0,0;0,01;
14.06.2025;05:30;05:45;0,0;0,01;0,01;
14.06.2025;05:45;06:00;0,01;0,01;0,0;
14.06.2025;06:00;06:15;0,01;0,01;0,01;
14.06.2025;06:15;06:30;0,03;0,01;0,0;
14.06.2025;06:30;06:45;0,03;0,01;0,0;
14.06.2025;06:45;07:00;0,04;0,01;0,0;
14.06.2025;07:00;07:15;0,02;0,01;0,0;
14.06.2025;07:15;07:30;0,01;0,01;0,0;
14.06.2025;07:30;07:45;0,01;0,01;0,01;
14.06.2025;07:45;08:00;0,02;0,01;0,02;
14.06.2025;08:00;08:15;0,04;0,01;0,0;
14.06.2025;08:15;08:30;0,05;0,03;0,0;
14.06.2025;08:30;08:45;0,03;0,01;0,01;
14.06.2025;08:45;09:00;0,16;0,01;0,05;
14.06.2025;09:00;09:15;0,02;0,0;0,0;
14.06.2025;09:15;09:30;0,04;0,1;0,0;
14.06.2025;09:30;09:45;0,06;0,13;0,0;
14.06.2025;09:45;10:00;0,23;0,06;0,0;
14.06.2025;10:00;10:15;0,0;0,0;0,0;
14.06.2025;10:15;10:30;0,01;0,0;0,0;
14.06.2025;10:30;10:45;0,0;0,0;0,0;
14.06.2025;10:45;11:00;0,03;0,0;0,0;
14.06.2025;11:00;11:15;0,02;0,0;0,0;
14.06.2025;11:15;11:30;0,03;0,0;0,0;
14.06.2025;11:30;11:45;0,02;0,0;0,0;
14.06.2025;11:45;12:00;0,02;0,0;0,0;
14.06.2025;12:00;12:15;0,04;0,0;0,0;
14.06.2025;12:15;12:30;0,07;0,0;0,07;
14.06.2025;12:30;12:45;0,06;0,0;0,1;
14.06.2025;12:45;13:00;0,01;0,0;0,0;
14.06.2025;13:00;13:15;0,0;0,0;0,0;
14.06.2025;13:15;13:30;0,0;0,0;0,0;
14.06.2025;13:30;13:45;0,02;0,0;0,0;
14.06.2025;13:45;14:00;0,02;0,0;0,0;
14.06.2025;14:00;14:15;0,03;0,0;0,0;
14.06.2025;14:15;14:30;0,0;0,1;0,0;
14.06.2025;14:30;14:45;0,01;0,27;0,0;
14.06.2025;14:45;15:00;0,0;0,51;0,0;
14.06.2025;15:00;15:15;0,02;0,48;0,0;
14.06.2025;15:15;15:30;0,02;0,57;0,0;
14.06.2025;15:30;15:45;0,03;0,53;0,0;
14.06.2025;15:45;16:00;0,0;0,41;0,0;
14.06.2025;16:00;16:15;0,01;0,33;0,0;
14.06.2025;16:15;16:30;0,0;0,46;0,0;
14.06.2025;16:30;16:45;0,02;0,43;0,0;
14.06.2025;16:45;17:00;0,02;0,39;0,0;
14.06.2025;17:00;17:15;0,03;0,0;0,0;
14.06.2025;17:15;17:30;0,03;0,0;0,0;
14.06.2025;17:30;17:45;0,04;0,0;0,0;
14.06.2025;17:45;18:00;0,07;0,0;0,0;
14.06.2025;18:00;18:15;0,08;0,0;0,0;
14.06.2025;18:15;18:30;0,06;0,0;0,0;
14.06.2025;18:30;18:45;0,05;0,0;0,0;
14.06.2025;18:45;19:00;0,02;0,0;0,0;
14.06.2025;19:00;19:15;0,03;0,01;0,01;
14.06.2025;19:15;19:30;0,03;0,01;0,02;
14.06.2025;19:30;19:45;0,0;0,01;0,01;
14.06.2025;19:45;20:00;0,0;0,0;0,01;
14.06.2025;20:00;20:15;0,0;0,01;0,02;
14.06.2025;20:15;20:30;0,0;0,0;0,01;
14.06.2025;20:30;20:45;0,0;0,0;0,01;
14.06.2025;20:45;21:00;0,0;0,0;0,01;
14.06.2025;21:00;21:15;0,0;0,0;0,02;
14.06.2025;21:15;21:30;0,0;0,0;0,01;
14.06.2025;21:30;21:45;0,0;0,0;0,01;
14.06.2025;21:45;22:00;0,0;0,0;0,01;
14.06.2025;22:00;22:15;0,0;0,0;0,01;
14.06.2025;22:15;22:30;0,0;0,0;0,01;
14.06.2025;22:30;22:45;0,0;0,0;0,02;
14.06.2025;22:45;23:00;0,0;0,0;0,01;
14.06.2025;23:00;23:15;0,0;0,0;0,01;
14.06.2025;23:15;23:30;0,0;0,0;0,02;
14.06.2025;23:30;23:45;0,0;0,0;0,01;
14.06.2025;23:45;00:00;0,0;0,0;0,02;
15.06.2025;00:00;00:15;0,0;0,0;0,01;
15.06.2025;00:15;00:30;0,0;0,0;0,02;
15.06.2025;00:30;00:45;0,0;0,0;0,01;
15.06.2025;00:45;01:00;0,0;0,0;0,02;
15.06.2025;01:00;01:15;0,0;0,0;0,01;
15.06.2025;01:15;01:30;0,0;0,0;0,02;
15.06.2025;01:30;01:45;0,0;0,0;0,01;
15.06.2025;01:45;02:00;0,0;0,0;0,02;
15.06.2025;02:00;02:15;0,0;0,0;0,02;
15.06.2025;02:15;02:30;0,0;0,0;0,02;
15.06.2025;02:30;02:45;0,0;0,0;0,01;
15.06.2025;02:45;03:00;0,0;0,0;0,02;
15.06.2025;03:00;03:15;0,0;0,0;0,01;
15.06.2025;03:15;03:30;0,0;0,0;0,01;
15.06.2025;03:30;03:45;0,0;0,0;0,02;
15.06.2025;03:45;04:00;0,0;0,0;0,01;
15.06.2025;04:00;04:15;0,0;0,0;0,02;
15.06.2025;04:15;04:30;0,0;0,0;0,02;
15.06.2025;04:30;04:45;0,0;0,0;0,01;
15.06.2025;04:45;05:00;0,0;0,0;0,01;
15.06.2025;05:00;05:15;0,0;0,0;0,02;
15.06.2025;05:15;05:30;0,0;0,0;0,01;
15.06.2025;05:30;05:45;0,0;0,01;0,02;
15.06.2025;05:45;06:00;0,0;0,01;0,0;
15.06.2025;06:00;06:15;0,02;0,01;0,01;
15.06.2025;06:15;06:30;0,02;0,01;0,0;
15.06.2025;06:30;06:45;0,03;0,01;0,0;
15.06.2025;06:45;07:00;0,01;0,02;0,0;
15.06.2025;07:00;07:15;0,0;0,02;0,0;
15.06.2025;07:15;07:30;0,0;0,02;0,0;
15.06.2025;07:30;07:45;0,02;0,02;0,01;
15.06.2025;07:45;08:00;0,03;0,01;0,02;
15.06.2025;08:00;08:15;0,02;0,01;0,01;
15.06.2025;08:15;08:30;0,01;0,03;0,0;
15.06.2025;08:30;08:45;0,0;0,0;0,07;
15.06.2025;08:45;09:00;0,01;0,0;0,18;
15.06.2025;09:00;09:15;0,02;0,0;0,24;
15.06.2025;09:15;09:30;0,03;0,0;0,08;
15.06.2025;09:30;09:45;0,06;0,0;0,74;
15.06.2025;09:45;10:00;0,15;0,0;0,75;
15.06.2025;10:00;10:15;0,16;0,0;0,73;
15.06.2025;10:15;10:30;0,17;0,0;0,98;
15.06.2025;10:30;10:45;0,14;0,0;0,93;
15.06.2025;10:45;11:00;0,18;0,0;0,72;
15.06.2025;11:00;11:15;0,15;0,0;0,75;
15.06.2025;11:15;11:30;0,1;0,0;0,85;
15.06.2025;11:30;11:45;0,15;0,0;0,75;
15.06.2025;11:45;12:00;0,16;0,0;0,9;
15.06.2025;12:00;12:15;0,19;0,0;0,72;
15.06.2025;12:15;12:30;0,21;0,0;0,25;
15.06.2025;12:30;12:45;0,21;0,0;0,0;
15.06.2025;12:45;13:00;0,2;0,0;0,0;
15.06.2025;13:00;13:15;0,1;0,0;0,01;
15.06.2025;13:15;13:30;0,1;0,0;0,0;
15.06.2025;13:30;13:45;0,14;0,0;0,0;
15.06.2025;13:45;14:00;0,03;0,0;0,0;
15.06.2025;14:00;14:15;0,1;0,0;0,0;
15.06.2025;14:15;14:30;0,2;0,0;0,0;
15.06.2025;14:30;14:45;0,18;0,0;0,0;
15.06.2025;14:45;15:00;0,18;0,0;0,01;
15.06.2025;15:00;15:15;0,19;0,0;0,0;
15.06.2025;15:15;15:30;0,0;0,0;0,02;
15.06.2025;15:30;15:45;0,11;0,0;0,0;
15.06.2025;15:45;16:00;0,07;0,0;0,0;
15.06.2025;16:00;16:15;0,07;0,0;0,0;
15.06.2025;16:15;16:30;0,06;0,0;0,0;
15.06.2025;16:30;16:45;0,06;0,0;0,0;
15.06.2025;16:45;17:00;0,04;0,0;0,01;
15.06.2025;17:00;17:15;0,0;0,0;0,01;
15.06.2025;17:15;17:30;0,0;0,0;0,01;
15.06.2025;17:30;17:45;0,0;0,0;0,01;
15.06.2025;17:45;18:00;0,0;0,0;0,02;
15.06.2025;18:00;18:15;0,0;0,0;0,01;
15.06.2025;18:15;18:30;0,0;0,0;0,02;
15.06.2025;18:30;18:45;0,0;0,0;0,01;
15.06.2025;18:45;19:00;0,0;0,0;0,01;
15.06.2025;19:00;19:15;0,0;0,0;0,01;
15.06.2025;19:15;19:30;0,0;0,0;0,01;
15.06.2025;19:30;19:45;0,0;0,0;0,01;
15.06.2025;19:45;20:00;0,0;0,0;0,01;
15.06.2025;20:00;20:15;0,0;0,0;0,01;
15.06.2025;20:15;20:30;0,0;0,0;0,01;
15.06.2025;20:30;20:45;0,0;0,0;0,01;
15.06.2025;20:45;21:00;0,0;0,0;0,01;
15.06.2025;21:00;21:15;0,0;0,0;0,01;
15.06.2025;21:15;21:30;0,0;0,0;0,01;
15.06.2025;21:30;21:45;0,0;0,0;0,01;
15.06.2025;21:45;22:00;0,0;0,0;0,01;
15.06.2025;22:00;22:15;0,0;0,0;0,01;
15.06.2025;22:15;22:30;0,0;0,0;0,01;
15.06.2025;22:30;22:45;0,0;0,0;0,01;
15.06.2025;22:45;23:00;0,0;0,0;0,01;
15.06.2025;23:00;23:15;0,0;0,0;0,01;
15.06.2025;23:15;23:30;0,0;0,0;0,02;
15.06.2025;23:30;23:45;0,0;0,0;0,0;
15.06.2025;23:45;00:00;0,0;0,0;0,01;
16.06.2025;00:00;00:15;0,0;0,0;0,01;
16.06.2025;00:15;00:30;0,0;0,0;0,01;
16.06.2025;00:30;00:45;0,0;0,0;0,01;
16.06.2025;00:45;01:00;0,0;0,0;0,0;
16.06.2025;01:00;01:15;0,0;0,0;0,01;
16.06.2025;01:15;01:30;0,0;0,0;0,0;
16.06.2025;01:30;01:45;0,0;0,0;0,01;
16.06.2025;01:45;02:00;0,0;0,0;0,0;
16.06.2025;02:00;02:15;0,0;0,0;0,01;
16.06.2025;02:15;02:30;0,0;0,0;0,0;
16.06.2025;02:30;02:45;0,0;0,0;0,01;
16.06.2025;02:45;03:00;0,0;0,0;0,01;
16.06.2025;03:00;03:15;0,0;0,0;0,0;
16.06.2025;03:15;03:30;0,0;0,0;0,0;
16.06.2025;03:30;03:45;0,0;0,0;0,01;
16.06.2025;03:45;04:00;0,0;0,0;0,01;
16.06.2025;04:00;04:15;0,0;0,0;0,0;
16.06.2025;04:15;04:30;0,0;0,0;0,0;
16.06.2025;04:30;04:45;0,0;0,0;0,0;
16.06.2025;04:45;05:00;0,0;0,0;0,01;
16.06.2025;05:00;05:15;0,0;0,0;0,0;
16.06.2025;05:15;05:30;0,0;0,0;0,01;
16.06.2025;05:30;05:45;0,0;0,0;0,0;
16.06.2025;05:45;06:00;0,0;0,0;0,01;
16.06.2025;06:00;06:15;0,0;0,0;0,0;
16.06.2025;06:15;06:30;0,0;0,0;0,01;
16.06.2025;06:30;06:45;0,0;0,0;0,0;
16.06.2025;06:45;07:00;0,0;0,0;0,01;
16.06.2025;07:00;07:15;0,0;0,0;0,01;
16.06.2025;07:15;07:30;0,0;0,0;0,01;
16.06.2025;07:30;07:45;0,0;0,0;0,01;
16.06.2025;07:45;08:00;0,0;0,0;0,01;
16.06.2025;08:00;08:15;0,0;0,0;0,01;
16.06.2025;08:15;08:30;0,0;0,0;0,01;
16.06.2025;08:30;08:45;0,0;0,01;0,01;
16.06.2025;08:45;09:00;0,0;0,0;0,01;
16.06.2025;09:00;09:15;0,0;0,01;0,01;
16.06.2025;09:15;09:30;0,0;0,0;0,01;
16.06.2025;09:30;09:45;0,0;0,0;0,01;
16.06.2025;09:45;10:00;0,0;0,0;0,0;
16.06.2025;10:00;10:15;0,0;0,0;0,0;
16.06.2025;10:15;10:30;0,0;0,0;0,02;
16.06.2025;10:30;10:45;0,0;0,0;0,01;
16.06.2025;10:45;11:00;0,0;0,0;0,01;
16.06.2025;11:00;11:15;0,0;0,0;0,01;
16.06.2025;11:15;11:30;0,0;0,0;0,01;
16.06.2025;11:30;11:45;0,0;0,0;0,02;
16.06.2025;11:45;12:00;0,0;0,0;0,01;
16.06.2025;12:00;12:15;0,0;0,0;0,02;
16.06.2025;12:15;12:30;0,0;0,0;0,0;
16.06.2025;12:30;12:45;0,0;0,01;0,07;
16.06.2025;12:45;13:00;0,0;0,0;0,04;
16.06.2025;13:00;13:15;0,0;0,0;0,02;
16.06.2025;13:15;13:30;0,0;0,0;0,01;
16.06.2025;13:30;13:45;0,0;0,0;0,02;
16.06.2025;13:45;14:00;0,0;0,0;0,01;
16.06.2025;14:00;14:15;0,0;0,0;0,03;
16.06.2025;14:15;14:30;0,0;0,0;0,02;
16.06.2025;14:30;14:45;0,0;0,0;0,01;
16.06.2025;14:45;15:00;0,0;0,0;0,01;
16.06.2025;15:00;15:15;0,0;0,0;0,02;
16.06.2025;15:15;15:30;0,0;0,0;0,01;
16.06.2025;15:30;15:45;0,0;0,0;0,02;
16.06.2025;15:45;16:00;0,0;0,0;0,01;
16.06.2025;16:00;16:15;0,0;0,0;0,02;
16.06.2025;16:15;16:30;0,0;0,0;0,01;
16.06.2025;16:30;16:45;0,0;0,0;0,01;
16.06.2025;16:45;17:00;0,0;0,0;0,02;
16.06.2025;17:00;17:15;0,0;0,0;0,01;
16.06.2025;17:15;17:30;0,0;0,0;0,02;
16.06.2025;17:30;17:45;0,02;0,0;0,01;
16.06.2025;17:45;18:00;0,0;0,0;0,03;
16.06.2025;18:00;18:15;0,03;0,0;0,0;
16.06.2025;18:15;18:30;0,04;0,0;0,0;
16.06.2025;18:30;18:45;0,03;0,0;0,0;
16.06.2025;18:45;19:00;0,04;0,0;0,0;
16.06.2025;19:00;19:15;0,03;0,0;0,0;
16.06.2025;19:15;19:30;0,02;0,01;0,01;
16.06.2025;19:30;19:45;0,0;0,0;0,01;
16.06.2025;19:45;20:00;0,0;0,0;0,0;
16.06.2025;20:00;20:15;0,0;0,0;0,01;
16.06.2025;20:15;20:30;0,0;0,0;0,01;
16.06.2025;20:30;20:45;0,0;0,0;0,0;
16.06.2025;20:45;21:00;0,0;0,0;0,01;
16.06.2025;21:00;21:15;0,0;0,0;0,01;
16.06.2025;21:15;21:30;0,0;0,0;0,01;
16.06.2025;21:30;21:45;0,0;0,0;0,01;
16.06.2025;21:45;22:00;0,0;0,0;0,01;
16.06.2025;22:00;22:15;0,0;0,0;0,01;
16.06.2025;22:15;22:30;0,0;0,0;0,01;
16.06.2025;22:30;22:45;0,0;0,0;0,01;
16.06.2025;22:45;23:00;0,0;0,0;0,01;
16.06.2025;23:00;23:15;0,0;0,0;0,01;
16.06.2025;23:15;23:30;0,0;0,0;0,01;
16.06.2025;23:30;23:45;0,0;0,0;0,01;
16.06.2025;23:45;00:00;0,0;0,0;0,01;
17.06.2025;00:00;00:15;0,0;0,0;0,01;
17.06.2025;00:15;00:30;0,0;0,0;0,0;
17.06.2025;00:30;00:45;0,0;0,0;0,01;
17.06.2025;00:45;01:00;0,0;0,0;0,01;
17.06.2025;01:00;01:15;0,0;0,0;0,01;
17.06.2025;01:15;01:30;0,0;0,0;0,0;
17.06.2025;01:30;01:45;0,0;0,0;0,0;
17.06.2025;01:45;02:00;0,0;0,0;0,01;
17.06.2025;02:00;02:15;0,0;0,0;0,01;
17.06.2025;02:15;02:30;0,0;0,0;0,01;
17.06.2025;02:30;02:45;0,0;0,0;0,0;
17.06.2025;02:45;03:00;0,0;0,0;0,01;
17.06.2025;03:00;03:15;0,0;0,0;0,01;
17.06.2025;03:15;03:30;0,0;0,0;0,0;
17.06.2025;03:30;03:45;0,0;0,0;0,01;
17.06.2025;03:45;04:00;0,0;0,0;0,0;
17.06.2025;04:00;04:15;0,0;0,0;0,01;
17.06.2025;04:15;04:30;0,0;0,0;0,0;
17.06.2025;04:30;04:45;0,0;0,0;0,01;
17.06.2025;04:45;05:00;0,0;0,0;0,01;
17.06.2025;05:00;05:15;0,0;0,0;0,0;
17.06.2025;05:15;05:30;0,0;0,0;0,01;
17.06.2025;05:30;05:45;0,0;0,0;0,01;
17.06.2025;05:45;06:00;0,0;0,0;0,01;
17.06.2025;06:00;06:15;0,0;0,0;0,02;
17.06.2025;06:15;06:30;0,0;0,0;0,01;
17.06.2025;06:30;06:45;0,0;0,0;0,01;
17.06.2025;06:45;07:00;0,0;0,0;0,0;
17.06.2025;07:00;07:15;0,0;0,0;0,0;
17.06.2025;07:15;07:30;0,0;0,0;0,0;
17.06.2025;07:30;07:45;0,0;0,0;0,01;
17.06.2025;07:45;08:00;0,0;0,0;0,01;
17.06.2025;08:00;08:15;0,0;0,0;0,01;
17.06.2025;08:15;08:30;0,0;0,0;0,01;
17.06.2025;08:30;08:45;0,0;0,0;0,03;
17.06.2025;08:45;09:00;0,0;0,0;0,02;
17.06.2025;09:00;09:15;0,0;0,0;0,01;
17.06.2025;09:15;09:30;0,0;0,0;0,02;
17.06.2025;09:30;09:45;0,0;0,0;0,02;
17.06.2025;09:45;10:00;0,0;0,0;0,01;
17.06.2025;10:00;10:15;0,0;0,0;0,02;
17.06.2025;10:15;10:30;0,0;0,0;0,01;
17.06.2025;10:30;10:45;0,02;0,0;0,0;
17.06.2025;10:45;11:00;0,03;0,0;0,0;
17.06.2025;11:00;11:15;0,01;0,0;0,0;
17.06.2025;11:15;11:30;0,01;0,0;0,0;
17.06.2025;11:30;11:45;0,04;0,0;0,0;
17.06.2025;11:45;12:00;0,3;0,0;0,0;
17.06.2025;12:00;12:15;0,13;0,0;0,0;
17.06.2025;12:15;12:30;0,03;0,0;0,01;
17.06.2025;12:30;12:45;0,02;0,0;0,0;
17.06.2025;12:45;13:00;0,07;0,0;0,0;
17.06.2025;13:00;13:15;0,06;0,0;0,0;
17.06.2025;13:15;13:30;0,05;0,0;0,0;
17.06.2025;13:30;13:45;0,05;0,0;0,0;
17.06.2025;13:45;14:00;0,05;0,0;0,0;
17.06.2025;14:00;14:15;0,1;0,0;0,0;
17.06.2025;14:15;14:30;0,07;0,0;0,0;
17.06.2025;14:30;14:45;0,06;0,0;0,0;
17.06.2025;14:45;15:00;0,05;0,0;0,01;
17.06.2025;15:00;15:15;0,06;0,0;0,0;
17.06.2025;15:15;15:30;0,03;0,0;0,0;
17.06.2025;15:30;15:45;0,15;0,0;0,0;
17.06.2025;15:45;16:00;0,1;0,0;0,0;
17.06.2025;16:00;16:15;0,02;0,0;0,0;
17.06.2025;16:15;16:30;0,02;0,0;0,0;
17.06.2025;16:30;16:45;0,02;0,0;0,0;
17.06.2025;16:45;17:00;0,04;0,0;0,0;
17.06.2025;17:00;17:15;0,04;0,0;0,08;
17.06.2025;17:15;17:30;0,0;0,0;0,57;
17.06.2025;17:30;17:45;0,0;0,0;0,44;
17.06.2025;17:45;18:00;0,01;0,0;0,31;
17.06.2025;18:00;18:15;0,02;0,0;0,0;
17.06.2025;18:15;18:30;0,04;0,0;0,0;
17.06.2025;18:30;18:45;0,05;0,0;0,0;
17.06.2025;18:45;19:00;0,03;0,0;0,0;
17.06.2025;19:00;19:15;0,01;0,0;0,0;
17.06.2025;19:15;19:30;0,02;0,01;0,0;
17.06.2025;19:30;19:45;0,0;0,0;0,01;
17.06.2025;19:45;20:00;0,0;0,0;0,01;
17.06.2025;20:00;20:15;0,0;0,0;0,01;
17.06.2025;20:15;20:30;0,0;0,0;0,01;
17.06.2025;20:30;20:45;0,0;0,0;0,0;
17.06.2025;20:45;21:00;0,0;0,0;0,01;
17.06.2025;21:00;21:15;0,0;0,0;0,01;
17.06.2025;21:15;21:30;0,0;0,0;0,0;
17.06.2025;21:30;21:45;0,0;0,0;0,01;
17.06.2025;21:45;22:00;0,0;0,0;0,01;
17.06.2025;22:00;22:15;0,0;0,0;0,01;
17.06.2025;22:15;22:30;0,0;0,0;0,02;
17.06.2025;22:30;22:45;0,0;0,0;0,01;
17.06.2025;22:45;23:00;0,0;0,0;0,01;
17.06.2025;23:00;23:15;0,0;0,0;0,01;
17.06.2025;23:15;23:30;0,0;0,0;0,02;
17.06.2025;23:30;23:45;0,0;0,0;0,01;
17.06.2025;23:45;00:00;0,0;0,0;0,01;
18.06.2025;00:00;00:15;0,0;0,0;0,01;
18.06.2025;00:15;00:30;0,0;0,0;0,02;
18.06.2025;00:30;00:45;0,0;0,0;0,02;
18.06.2025;00:45;01:00;0,0;0,0;0,01;
18.06.2025;01:00;01:15;0,0;0,0;0,01;
18.06.2025;01:15;01:30;0,0;0,0;0,02;
18.06.2025;01:30;01:45;0,0;0,0;0,01;
18.06.2025;01:45;02:00;0,0;0,0;0,02;
18.06.2025;02:00;02:15;0,0;0,0;0,01;
18.06.2025;02:15;02:30;0,0;0,0;0,01;
18.06.2025;02:30;02:45;0,0;0,0;0,01;
18.06.2025;02:45;03:00;0,0;0,0;0,01;
18.06.2025;03:00;03:15;0,0;0,0;0,01;
18.06.2025;03:15;03:30;0,0;0,0;0,01;
18.06.2025;03:30;03:45;0,0;0,0;0,01;
18.06.2025;03:45;04:00;0,0;0,0;0,01;
18.06.2025;04:00;04:15;0,0;0,0;0,01;
18.06.2025;04:15;04:30;0,0;0,0;0,02;
18.06.2025;04:30;04:45;0,0;0,0;0,01;
18.06.2025;04:45;05:00;0,0;0,0;0,01;
18.06.2025;05:00;05:15;0,0;0,0;0,01;
18.06.2025;05:15;05:30;0,0;0,0;0,01;
18.06.2025;05:30;05:45;0,0;0,0;0,01;
18.06.2025;05:45;06:00;0,0;0,0;0,01;
18.06.2025;06:00;06:15;0,0;0,0;0,01;
18.06.2025;06:15;06:30;0,0;0,0;0,01;
18.06.2025;06:30;06:45;0,0;0,0;0,01;
18.06.2025;06:45;07:00;0,0;0,0;0,0;
18.06.2025;07:00;07:15;0,0;0,0;0,01;
18.06.2025;07:15;07:30;0,0;0,0;0,0;
18.06.2025;07:30;07:45;0,0;0,0;0,0;
18.06.2025;07:45;08:00;0,0;0,0;0,01;
18.06.2025;08:00;08:15;0,0;0,01;0,0;
18.06.2025;08:15;08:30;0,0;0,0;0,02;
18.06.2025;08:30;08:45;0,0;0,0;0,02;
18.06.2025;08:45;09:00;0,0;0,0;0,06;
18.06.2025;09:00;09:15;0,0;0,0;0,02;
18.06.2025;09:15;09:30;0,0;0,0;0,02;
18.06.2025;09:30;09:45;0,0;0,0;0,01;
18.06.2025;09:45;10:00;0,0;0,0;0,01;
18.06.2025;10:00;10:15;0,0;0,0;0,01;
18.06.2025;10:15;10:30;0,0;0,0;0,02;
18.06.2025;10:30;10:45;0,0;0,0;0,01;
18.06.2025;10:45;11:00;0,0;0,0;0,02;
18.06.2025;11:00;11:15;0,0;0,0;0,02;
18.06.2025;11:15;11:30;0,0;0,0;0,01;
18.06.2025;11:30;11:45;0,0;0,0;0,02;
18.06.2025;11:45;12:00;0,0;0,0;0,01;
18.06.2025;12:00;12:15;0,04;0,0;0,01;
18.06.2025;12:15;12:30;0,05;0,0;0,0;
18.06.2025;12:30;12:45;0,03;0,0;0,0;
18.06.2025;12:45;13:00;0,07;0,0;0,0;
18.06.2025;13:00;13:15;0,12;0,0;0,0;
18.06.2025;13:15;13:30;0,1;0,0;0,0;
18.06.2025;13:30;13:45;0,14;0,0;0,0;
18.06.2025;13:45;14:00;0,05;0,0;0,0;
18.06.2025;14:00;14:15;0,05;0,0;0,01;
18.06.2025;14:15;14:30;0,05;0,0;0,0;
18.06.2025;14:30;14:45;0,05;0,0;0,0;
18.06.2025;14:45;15:00;0,02;0,0;0,0;
18.06.2025;15:00;15:15;0,02;0,0;0,0;
18.06.2025;15:15;15:30;0,03;0,0;0,0;
18.06.2025;15:30;15:45;0,03;0,0;0,0;
18.06.2025;15:45;16:00;0,03;0,0;0,0;
18.06.2025;16:00;16:15;0,03;0,0;0,0;
18.06.2025;16:15;16:30;0,01;0,0;0,01;
18.06.2025;16:30;16:45;0,08;0,0;0,0;
18.06.2025;16:45;17:00;0,03;0,0;0,0;
18.06.2025;17:00;17:15;0,03;0,0;0,0;
18.06.2025;17:15;17:30;0,02;0,0;0,0;
18.06.2025;17:30;17:45;0,08;0,0;0,0;
18.06.2025;17:45;18:00;0,03;0,0;0,0;
18.06.2025;18:00;18:15;0,02;0,0;0,0;
18.06.2025;18:15;18:30;0,01;0,0;0,0;
18.06.2025;18:30;18:45;0,01;0,0;0,0;
18.06.2025;18:45;19:00;0,0;0,0;0,0;
18.06.2025;19:00;19:15;0,01;0,0;0,0;
18.06.2025;19:15;19:30;0,02;0,0;0,0;
18.06.2025;19:30;19:45;0,0;0,01;0,0;
18.06.2025;19:45;20:00;0,0;0,0;0,0;
18.06.2025;20:00;20:15;0,0;0,0;0,01;
18.06.2025;20:15;20:30;0,0;0,0;0,01;
18.06.2025;20:30;20:45;0,0;0,0;0,0;
18.06.2025;20:45;21:00;0,0;0,0;0,01;
18.06.2025;21:00;21:15;0,0;0,0;0,0;
18.06.2025;21:15;21:30;0,0;0,0;0,01;
18.06.2025;21:30;21:45;0,0;0,0;0,01;
18.06.2025;21:45;22:00;0,0;0,0;0,0;
18.06.2025;22:00;22:15;0,0;0,0;0,01;
18.06.2025;22:15;22:30;0,0;0,0;0,0;
18.06.2025;22:30;22:45;0,0;0,0;0,01;
18.06.2025;22:45;23:00;0,0;0,01;0,01;
18.06.2025;23:00;23:15;0,0;0,0;0,01;
18.06.2025;23:15;23:30;0,0;0,0;0,0;
18.06.2025;23:30;23:45;0,0;0,0;0,01;
18.06.2025;23:45;00:00;0,0;0,0;0,01;
19.06.2025;00:00;00:15;0,0;0,0;0,01;
19.06.2025;00:15;00:30;0,0;0,0;0,01;
19.06.2025;00:30;00:45;0,0;0,0;0,01;
19.06.2025;00:45;01:00;0,0;0,0;0,01;
19.06.2025;01:00;01:15;0,0;0,0;0,0;
19.06.2025;01:15;01:30;0,0;0,0;0,01;
19.06.2025;01:30;01:45;0,0;0,0;0,01;
19.06.2025;01:45;02:00;0,0;0,0;0,0;
19.06.2025;02:00;02:15;0,0;0,0;0,01;
19.06.2025;02:15;02:30;0,0;0,0;0,0;
19.06.2025;02:30;02:45;0,0;0,0;0,01;
19.06.2025;02:45;03:00;0,0;0,0;0,0;
19.06.2025;03:00;03:15;0,0;0,0;0,01;
19.06.2025;03:15;03:30;0,0;0,0;0,0;
19.06.2025;03:30;03:45;0,0;0,0;0,0;
19.06.2025;03:45;04:00;0,0;0,0;0,01;
19.06.2025;04:00;04:15;0,0;0,0;0,0;
19.06.2025;04:15;04:30;0,0;0,0;0,01;
19.06.2025;04:30;04:45;0,0;0,0;0,0;
19.06.2025;04:45;05:00;0,0;0,0;0,01;
19.06.2025;05:00;05:15;0,0;0,0;0,0;
19.06.2025;05:15;05:30;0,0;0,0;0,01;
19.06.2025;05:30;05:45;0,0;0,0;0,0;
19.06.2025;05:45;06:00;0,0;0,0;0,01;
19.06.2025;06:00;06:15;0,0;0,0;0,01;
19.06.2025;06:15;06:30;0,0;0,0;0,01;
19.06.2025;06:30;06:45;0,0;0,0;0,01;
19.06.2025;06:45;07:00;0,0;0,0;0,0;
19.06.2025;07:00;07:15;0,0;0,0;0,01;
19.06.2025;07:15;07:30;0,0;0,0;0,01;
19.06.2025;07:30;07:45;0,0;0,0;0,01;
19.06.2025;07:45;08:00;0,0;0,0;0,0;
19.06.2025;08:00;08:15;0,0;0,0;0,0;
19.06.2025;08:15;08:30;0,0;0,0;0,0;
19.06.2025;08:30;08:45;0,0;0,01;0,03;
19.06.2025;08:45;09:00;0,0;0,0;0,02;
19.06.2025;09:00;09:15;0,0;0,0;0,02;
19.06.2025;09:15;09:30;0,0;0,0;0,01;
19.06.2025;09:30;09:45;0,0;0,0;0,02;
19.06.2025;09:45;10:00;0,0;0,0;0,01;
19.06.2025;10:00;10:15;0,0;0,0;0,02;
19.06.2025;10:15;10:30;0,0;0,0;0,01;
19.06.2025;10:30;10:45;0,03;0,0;0,01;
19.06.2025;10:45;11:00;0,04;0,0;0,0;
19.06.2025;11:00;11:15;0,08;0,0;0,0;
19.06.2025;11:15;11:30;0,06;0,0;0,0;
19.06.2025;11:30;11:45;0,06;0,0;0,0;
19.06.2025;11:45;12:00;0,05;0,0;0,0;
19.06.2025;12:00;12:15;0,06;0,0;0,0;
19.06.2025;12:15;12:30;0,07;0,0;0,23;
19.06.2025;12:30;12:45;0,0;0,0;0,24;
19.06.2025;12:45;13:00;0,0;0,0;0,52;
19.06.2025;13:00;13:15;0,0;0,0;0,69;
19.06.2025;13:15;13:30;0,0;0,0;0,6;
19.06.2025;13:30;13:45;0,0;0,0;0,29;
19.06.2025;13:45;14:00;0,0;0,0;0,3;
19.06.2025;14:00;14:15;0,0;0,0;0,34;
19.06.2025;14:15;14:30;0,0;0,0;0,3;
19.06.2025;14:30;14:45;0,03;0,0;0,22;
19.06.2025;14:45;15:00;0,12;0,0;0,0;
19.06.2025;15:00;15:15;0,08;0,0;0,0;
19.06.2025;15:15;15:30;0,07;0,0;0,01;
19.06.2025;15:30;15:45;0,07;0,0;0,0;
19.06.2025;15:45;16:00;0,08;0,0;0,0;
19.06.2025;16:00;16:15;0,04;0,0;0,01;
19.06.2025;16:15;16:30;0,03;0,0;0,13;
19.06.2025;16:30;16:45;0,02;0,0;0,02;
19.06.2025;16:45;17:00;0,03;0,0;0,0;
19.06.2025;17:00;17:15;0,02;0,0;0,0;
19.06.2025;17:15;17:30;0,03;0,0;0,0;
19.06.2025;17:30;17:45;0,01;0,0;0,0;
19.06.2025;17:45;18:00;0,04;0,0;0,0;
19.06.2025;18:00;18:15;0,06;0,0;0,01;
19.06.2025;18:15;18:30;0,0;0,0;0,02;
19.06.2025;18:30;18:45;0,05;0,0;0,0;
19.06.2025;18:45;19:00;0,02;0,0;0,0;
19.06.2025;19:00;19:15;0,01;0,01;0,0;
19.06.2025;19:15;19:30;0,02;0,01;0,0;
19.06.2025;19:30;19:45;0,01;0,01;0,01;
19.06.2025;19:45;20:00;0,0;0,0;0,01;
19.06.2025;20:00;20:15;0,0;0,0;0,02;
19.06.2025;20:15;20:30;0,0;0,0;0,01;
19.06.2025;20:30;20:45;0,0;0,0;0,0;
19.06.2025;20:45;21:00;0,0;0,0;0,01;
19.06.2025;21:00;21:15;0,0;0,0;0,01;
19.06.2025;21:15;21:30;0,0;0,0;0,01;
19.06.2025;21:30;21:45;0,0;0,0;0,01;
19.06.2025;21:45;22:00;0,0;0,0;0,0;
19.06.2025;22:00;22:15;0,0;0,0;0,01;
19.06.2025;22:15;22:30;0,0;0,0;0,01;
19.06.2025;22:30;22:45;0,0;0,0;0,01;
19.06.2025;22:45;23:00;0,0;0,0;0,01;
19.06.2025;23:00;23:15;0,0;0,0;0,0;
19.06.2025;23:15;23:30;0,0;0,0;0,01;
19.06.2025;23:30;23:45;0,0;0,0;0,01;
19.06.2025;23:45;00:00;0,0;0,0;0,01;
20.06.2025;00:00;00:15;0,0;0,0;0,01;
20.06.2025;00:15;00:30;0,0;0,0;0,0;
20.06.2025;00:30;00:45;0,0;0,0;0,01;
20.06.2025;00:45;01:00;0,0;0,0;0,01;
20.06.2025;01:00;01:15;0,0;0,0;0,01;
20.06.2025;01:15;01:30;0,0;0,0;0,01;
20.06.2025;01:30;01:45;0,0;0,0;0,01;
20.06.2025;01:45;02:00;0,0;0,0;0,0;
20.06.2025;02:00;02:15;0,0;0,0;0,01;
20.06.2025;02:15;02:30;0,0;0,0;0,01;
20.06.2025;02:30;02:45;0,0;0,0;0,0;
20.06.2025;02:45;03:00;0,0;0,0;0,0;
20.06.2025;03:00;03:15;0,0;0,0;0,01;
20.06.2025;03:15;03:30;0,0;0,0;0,01;
20.06.2025;03:30;03:45;0,0;0,0;0,01;
20.06.2025;03:45;04:00;0,0;0,0;0,01;
20.06.2025;04:00;04:15;0,0;0,0;0,0;
20.06.2025;04:15;04:30;0,0;0,0;0,01;
20.06.2025;04:30;04:45;0,0;0,0;0,0;
20.06.2025;04:45;05:00;0,0;0,0;0,01;
20.06.2025;05:00;05:15;0,0;0,0;0,01;
20.06.2025;05:15;05:30;0,0;0,0;0,01;
20.06.2025;05:30;05:45;0,0;0,0;0,0;
20.06.2025;05:45;06:00;0,0;0,0;0,01;
20.06.2025;06:00;06:15;0,0;0,0;0,01;
20.06.2025;06:15;06:30;0,0;0,0;0,01;
20.06.2025;06:30;06:45;0,0;0,0;0,01;
20.06.2025;06:45;07:00;0,0;0,0;0,01;
20.06.2025;07:00;07:15;0,0;0,0;0,0;
20.06.2025;07:15;07:30;0,0;0,0;0,0;
20.06.2025;07:30;07:45;0,0;0,0;0,0;
20.06.2025;07:45;08:00;0,0;0,0;0,0;
20.06.2025;08:00;08:15;0,0;0,0;0,0;
20.06.2025;08:15;08:30;0,0;0,0;0,02;
20.06.2025;08:30;08:45;0,0;0,0;0,06;
20.06.2025;08:45;09:00;0,0;0,0;0,02;
20.06.2025;09:00;09:15;0,0;0,0;0,17;
20.06.2025;09:15;09:30;0,0;0,0;1,07;
20.06.2025;09:30;09:45;0,0;0,0;1,07;
20.06.2025;09:45;10:00;0,0;0,0;1,07;
20.06.2025;10:00;10:15;0,0;0,0;1,33;
20.06.2025;10:15;10:30;0,0;0,0;1,03;
20.06.2025;10:30;10:45;0,0;0,0;0,45;
20.06.2025;10:45;11:00;0,0;0,0;0,34;
20.06.2025;11:00;11:15;0,0;0,0;0,31;
20.06.2025;11:15;11:30;0,0;0,0;0,5;
20.06.2025;11:30;11:45;0,0;0,0;0,59;
20.06.2025;11:45;12:00;0,0;0,0;0,24;
20.06.2025;12:00;12:15;0,0;0,0;0,21;
20.06.2025;12:15;12:30;0,0;0,0;0,22;
20.06.2025;12:30;12:45;0,0;0,0;0,22;
20.06.2025;12:45;13:00;0,0;0,0;0,2;
20.06.2025;13:00;13:15;0,0;0,0;0,21;
20.06.2025;13:15;13:30;0,0;0,0;0,29;
20.06.2025;13:30;13:45;0,0;0,0;0,66;
20.06.2025;13:45;14:00;0,0;0,0;0,33;
20.06.2025;14:00;14:15;0,04;0,0;0,13;
20.06.2025;14:15;14:30;0,05;0,0;0,0;
20.06.2025;14:30;14:45;0,05;0,0;0,0;
20.06.2025;14:45;15:00;0,06;0,0;0,0;
20.06.2025;15:00;15:15;0,13;0,0;0,0;
20.06.2025;15:15;15:30;0,28;0,0;0,0;
20.06.2025;15:30;15:45;0,25;0,0;0,0;
20.06.2025;15:45;16:00;0,22;0,0;0,0;
20.06.2025;16:00;16:15;0,2;0,0;0,0;
20.06.2025;16:15;16:30;0,18;0,0;0,0;
20.06.2025;16:30;16:45;0,06;0,0;0,0;
20.06.2025;16:45;17:00;0,02;0,0;0,0;
20.06.2025;17:00;17:15;0,02;0,0;0,0;
20.06.2025;17:15;17:30;0,02;0,0;0,0;
20.06.2025;17:30;17:45;0,02;0,0;0,0;
20.06.2025;17:45;18:00;0,06;0,0;0,0;
20.06.2025;18:00;18:15;0,08;0,0;0,01;
20.06.2025;18:15;18:30;0,0;0,0;0,02;
20.06.2025;18:30;18:45;0,0;0,0;0,06;
20.06.2025;18:45;19:00;0,0;0,01;0,04;
20.06.2025;19:00;19:15;0,0;0,0;0,02;
20.06.2025;19:15;19:30;0,0;0,0;0,01;
20.06.2025;19:30;19:45;0,0;0,0;0,01;
20.06.2025;19:45;20:00;0,0;0,0;0,01;
20.06.2025;20:00;20:15;0,0;0,0;0,01;
20.06.2025;20:15;20:30;0,0;0,0;0,01;
20.06.2025;20:30;20:45;0,0;0,0;0,01;
20.06.2025;20:45;21:00;0,0;0,0;0,01;
20.06.2025;21:00;21:15;0,0;0,0;0,01;
20.06.2025;21:15;21:30;0,0;0,0;0,01;
20.06.2025;21:30;21:45;0,0;0,01;0,01;
20.06.2025;21:45;22:00;0,0;0,0;0,01;
20.06.2025;22:00;22:15;0,0;0,0;0,01;
20.06.2025;22:15;22:30;0,0;0,0;0,01;
20.06.2025;22:30;22:45;0,0;0,0;0,01;
20.06.2025;22:45;23:00;0,0;0,0;0,01;
20.06.2025;23:00;23:15;0,0;0,0;0,01;
20.06.2025;23:15;23:30;0,0;0,0;0,01;
20.06.2025;23:30;23:45;0,0;0,0;0,01;
20.06.2025;23:45;00:00;0,0;0,0;0,01;
